codePeril,nomPeril,dateArrete,dateParutionJO,codeNOR,codeInseePole,codeArrete
,"Inondations et/ou Coulées de Boue, Inondations Remontée Nappe, Mouvement de Terrain, Sécheresse, Vents Cycloniques",19-01-2026,24-01-2026,INTE2601369A,,904
,Sécheresse,12-12-2025,13-12-2025,INTE2534330A,,903
,"Inondations et/ou Coulées de Boue, Mouvement de Terrain",11-12-2025,12-12-2025,INTE2534309A,,902
,Sécheresse,25-11-2025,02-12-2025,INTE2532309A,,901
,"Inondations et/ou Coulées de Boue, Inondations Remontée Nappe, Mouvement de Terrain, Secousse Sismique, Vents Cycloniques",24-11-2025,02-12-2025,INTE2532307A,,900
,Sécheresse,16-10-2025,24-10-2025,INTE2527885A,,899
,"Inondations et/ou Coulées de Boue, Inondations Remontée Nappe, Mouvement de Terrain, Secousse Sismique, Vents Cycloniques",15-10-2025,24-10-2025,INTE2527884A,,898
,Inondations et/ou Coulées de Boue,25-09-2025,27-09-2025,INTE2526475A,,897
,Sécheresse,16-09-2025,26-09-2025,INTE2525631A,,896
,"Inondations et/ou Coulées de Boue, Inondations Remontée Nappe, Mouvement de Terrain, Secousse Sismique, Vents Cycloniques",15-09-2025,26-09-2025,INTE2525618A,,895
,Sécheresse,10-07-2025,12-07-2025,INTE2519693A,,893
,"Inondations et/ou Coulées de Boue, Inondations Remontée Nappe, Mouvement de Terrain, Secousse Sismique, Vents Cycloniques",09-07-2025,17-07-2025,INTE2519692A,,894
,Sécheresse,24-06-2025,28-06-2025,INTE2517857A,,892
,"Inondations et/ou Coulées de Boue, Inondations Remontée Nappe, Mouvement de Terrain",23-06-2025,27-06-2025,INTE2517855A,,891
,Inondations et/ou Coulées de Boue,28-05-2025,29-05-2025,INTE2515511A,,890
,Sécheresse,20-05-2025,24-05-2025,INTE2514342A,,888
,"Inondations et/ou Coulées de Boue, Inondations Remontée Nappe, Mouvement de Terrain",19-05-2025,24-05-2025,INTE2514336A,,889
,Sécheresse,23-04-2025,26-04-2025,INTE2511308A,,887
,"Inondations et/ou Coulées de Boue, Inondations Remontée Nappe, Mouvement de Terrain, Secousse Sismique, Vents Cycloniques",22-04-2025,29-04-2025,INTE2511307A,,886
,Sécheresse,25-03-2025,03-04-2025,INTE2508632A,,884
,"Chocs Mécaniques liés à l'action des Vagues, Inondations et/ou Coulées de Boue, Inondations Remontée Nappe, Mouvement de Terrain, Secousse Sismique, Vents Cycloniques",24-03-2025,03-04-2025,INTE2508631A,,885
,Vents Cycloniques,21-03-2025,01-04-2025,INTE2508630A,,883
,"Chocs Mécaniques liés à l'action des Vagues, Inondations et/ou Coulées de Boue, Vents Cycloniques",07-03-2025,12-03-2025,INTE2506758A,,882
,Sécheresse,25-02-2025,26-02-2025,INTE2505372A,,880
,"Chocs Mécaniques liés à l'action des Vagues, Inondations et/ou Coulées de Boue, Mouvement de Terrain, Secousse Sismique",24-02-2025,01-03-2025,INTE2505371A,,881
,Inondations et/ou Coulées de Boue,13-02-2025,19-02-2025,INTE2504355A,,878
,Inondations et/ou Coulées de Boue,06-02-2025,09-02-2025,INTE2503788A,,877
,Sécheresse,21-01-2025,25-02-2025,INTE2501376A,,879
,"Chocs Mécaniques liés à l'action des Vagues, Inondations et/ou Coulées de Boue, Inondations Remontée Nappe, Mouvement de Terrain, Secousse Sismique",20-01-2025,06-02-2025,INTE2501371A,,876
,"Chocs Mécaniques liés à l'action des Vagues, Inondations et/ou Coulées de Boue, Vents Cycloniques",19-12-2024,19-12-2024,INTE2434565A,,872
,Sécheresse,17-12-2024,21-12-2024,INTE2433750A,,874
,"Chocs Mécaniques liés à l'action des Vagues, Inondations et/ou Coulées de Boue, Mouvement de Terrain, Secousse Sismique, Vents Cycloniques",16-12-2024,21-12-2024,INTE2433751A,,873
,Sécheresse,19-11-2024,03-12-2024,INTE2430295A,,871
,"Chocs Mécaniques liés à l'action des Vagues, Inondations et/ou Coulées de Boue, Inondations Remontée Nappe, Mouvement de Terrain, Secousse Sismique",18-11-2024,03-12-2024,INTE2430293A,,870
,Inondations et/ou Coulées de Boue,31-10-2024,05-11-2024,INTE2428510A,,868
,Inondations et/ou Coulées de Boue,23-10-2024,26-10-2024,INTE2428153A,,866
,"Inondations et/ou Coulées de Boue, Inondations Remontée Nappe, Mouvement de Terrain, Secousse Sismique, Vents Cycloniques",14-10-2024,01-11-2024,INTE2427051A,,867
,Secousse Sismique,25-09-2024,06-11-2024,INTE2424585A,,869
,Sécheresse,24-09-2024,19-10-2024,INTE2424583A,,865
,"Chocs Mécaniques liés à l'action des Vagues, Inondations et/ou Coulées de Boue, Mouvement de Terrain, Secousse Sismique, Vents Cycloniques",23-09-2024,28-09-2024,INTE2424582A,,864
,"Inondations et/ou Coulées de Boue, Vents Cycloniques",01-08-2024,22-08-2024,IOME2421328A,,863
,Sécheresse,23-07-2024,03-08-2024,IOME2420217A,,862
,"Chocs Mécaniques liés à l'action des Vagues, Inondations et/ou Coulées de Boue, Inondations Remontée Nappe, Mouvement de Terrain, Secousse Sismique, Vents Cycloniques",22-07-2024,03-08-2024,IOME2420215A,,861
,Inondations et/ou Coulées de Boue,04-07-2024,07-07-2024,IOME2418595A,,860
,Sécheresse,18-06-2024,02-07-2024,IOME2415881A,,859
,"Chocs Mécaniques liés à l'action des Vagues, Inondations et/ou Coulées de Boue, Mouvement de Terrain, Vents Cycloniques",17-06-2024,28-06-2024,IOME2415880A,,858
,Inondations et/ou Coulées de Boue,05-06-2024,14-06-2024,IOME2415152A,,857
,"Chocs Mécaniques liés à l'action des Vagues, Inondations et/ou Coulées de Boue, Mouvement de Terrain, Secousse Sismique, Vents Cycloniques",21-05-2024,09-06-2024,IOME2413412A,,856
,"Chocs Mécaniques liés à l'action des Vagues, Inondations et/ou Coulées de Boue, Inondations Remontée Nappe",29-04-2024,01-06-2024,IOME2411920A,,855
,Sécheresse,16-04-2024,27-04-2024,IOME2410383A,,854
,"Chocs Mécaniques liés à l'action des Vagues, Inondations et/ou Coulées de Boue, Inondations Remontée Nappe, Mouvement de Terrain, Secousse Sismique, Vents Cycloniques",15-04-2024,27-04-2024,IOME2410378A,,853
,Inondations et/ou Coulées de Boue,10-04-2024,16-04-2024,IOME2410127A,,852
,Sécheresse,19-03-2024,07-04-2024,IOME2407755A,,849
,"Chocs Mécaniques liés à l'action des Vagues, Inondations et/ou Coulées de Boue, Mouvement de Terrain, Secousse Sismique",18-03-2024,07-04-2024,IOME2407754A,,850
,"Inondations et/ou Coulées de Boue, Inondations Remontée Nappe",07-03-2024,10-03-2024,IOME2407004A,,848
,Sécheresse,13-02-2024,24-02-2024,IOME2403659A,,847
,"Chocs Mécaniques liés à l'action des Vagues, Inondations et/ou Coulées de Boue, Mouvement de Terrain, Secousse Sismique",12-02-2024,23-02-2024,IOME2403657A,,846
,Secousse Sismique,31-01-2024,09-02-2024,IOME2334295A,,845
,"Chocs Mécaniques liés à l'action des Vagues, Inondations et/ou Coulées de Boue, Vents Cycloniques",30-01-2024,09-02-2024,IOME2402725A,,844
,"Chocs Mécaniques liés à l'action des Vagues, Inondations et/ou Coulées de Boue",19-01-2024,23-01-2024,IOME2401804A,,840
,Sécheresse,19-01-2024,30-01-2024,IOME2400970A,,843
,"Inondations et/ou Coulées de Boue, Mouvement de Terrain, Secousse Sismique, Vents Cycloniques",18-01-2024,30-01-2024,IOME2400969A,,842
,Inondations et/ou Coulées de Boue,16-01-2024,24-01-2024,IOME2400974A,,841
,"Chocs Mécaniques liés à l'action des Vagues, Inondations et/ou Coulées de Boue, Vents Cycloniques",22-12-2023,06-01-2024,IOME2335302A,,839
,Sécheresse,19-12-2023,27-12-2023,IOME2334289A,,837
,"Chocs Mécaniques liés à l'action des Vagues, Inondations et/ou Coulées de Boue, Mouvement de Terrain, Secousse Sismique, Vents Cycloniques",18-12-2023,28-12-2023,IOME2333648A,,838
,Inondations et/ou Coulées de Boue,30-11-2023,12-12-2023,IOME2332866A,,836
,Sécheresse,21-11-2023,10-12-2023,IOME2330891A,,834
,"Chocs Mécaniques liés à l'action des Vagues, Inondations et/ou Coulées de Boue, Inondations Remontée Nappe, Mouvement de Terrain, Vents Cycloniques",20-11-2023,10-12-2023,IOME2330890A,,835
,Inondations et/ou Coulées de Boue,14-11-2023,15-11-2023,IOME2330533A,,833
,Inondations et/ou Coulées de Boue,27-10-2023,03-11-2023,IOME2328840A,,832
,Sécheresse,17-10-2023,01-11-2023,IOME2327461A,,830
,"Inondations et/ou Coulées de Boue, Mouvement de Terrain, Secousse Sismique, Vents Cycloniques",16-10-2023,01-11-2023,IOME2327460A,,831
,Inondations et/ou Coulées de Boue,25-09-2023,04-10-2023,IOME2325523A,,827
,Sécheresse,19-09-2023,20-10-2023,IOME2324730A,,829
,"Inondations et/ou Coulées de Boue, Mouvement de Terrain, Secousse Sismique, Vents Cycloniques",18-09-2023,20-10-2023,IOME2324728A,,828
,Sécheresse,25-07-2023,04-10-2023,IOME2320254A,,826
,"Inondations et/ou Coulées de Boue, Inondations Remontée Nappe, Mouvement de Terrain, Secousse Sismique, Vents Cycloniques",24-07-2023,28-07-2023,IOME2320253A,,822
,Sécheresse,23-07-2023,26-09-2023,IOME2318045A,,825
,Sécheresse,22-07-2023,14-09-2023,IOME2316198A,,824
,Sécheresse,21-07-2023,08-09-2023,IOME2313528A,,823
,"Inondations et/ou Coulées de Boue, Mouvement de Terrain, Secousse Sismique",30-06-2023,07-07-2023,IOME2318044A,,821
,"Chocs Mécaniques liés à l'action des Vagues, Inondations et/ou Coulées de Boue, Inondations Remontée Nappe, Mouvement de Terrain, Secousse Sismique",19-06-2023,07-07-2023,IOME2316196A,,820
,"Inondations et/ou Coulées de Boue, Inondations Remontée Nappe, Mouvement de Terrain, Secousse Sismique, Vents Cycloniques",22-05-2023,06-07-2023,IOME2313527A,,819
,Sécheresse,25-04-2023,10-06-2023,IOME2311008A,,818
,"Inondations et/ou Coulées de Boue, Inondations Remontée Nappe, Mouvement de Terrain, Secousse Sismique, Vents Cycloniques",24-04-2023,10-06-2023,IOME2311006A,,817
,Sécheresse,03-04-2023,03-05-2023,IOME2308745A,,816
,Sécheresse,21-03-2023,13-04-2023,IOME2307449A,,814
,"Inondations et/ou Coulées de Boue, Mouvement de Terrain",20-03-2023,13-04-2023,IOME2307448A,,815
,Sécheresse,21-02-2023,15-03-2023,IOME2304952A,,813
,"Inondations et/ou Coulées de Boue, Inondations Remontée Nappe, Mouvement de Terrain, Secousse Sismique, Vents Cycloniques",20-02-2023,15-03-2023,IOME2304949A,,812
,Sécheresse,17-01-2023,22-02-2023,IOME2301106A,,811
,"Inondations et/ou Coulées de Boue, Mouvement de Terrain, Secousse Sismique",16-01-2023,08-02-2023,IOME2301092A,,810
,Sécheresse,20-12-2022,30-12-2022,IOME2235882A,,809
,"Inondations et/ou Coulées de Boue, Inondations Remontée Nappe, Mouvement de Terrain, Vents Cycloniques",19-12-2022,30-12-2022,IOME2235873A,,808
,Sécheresse,22-11-2022,08-12-2022,IOME2232738A,,807
,"Inondations et/ou Coulées de Boue, Mouvement de Terrain, Secousse Sismique, Vents Cycloniques",21-11-2022,08-12-2022,IOME2232737A,,806
,Sécheresse,18-10-2022,29-10-2022,IOME2229185A,,804
,"Chocs Mécaniques liés à l'action des Vagues, Inondations et/ou Coulées de Boue, Mouvement de Terrain, Secousse Sismique, Vents Cycloniques",17-10-2022,29-10-2022,IOME2229183A,,805
,Inondations et/ou Coulées de Boue,23-09-2022,24-09-2022,IOME2226889A,,800
,Sécheresse,20-09-2022,12-10-2022,IOME2226254A,,802
,"Inondations et/ou Coulées de Boue, Inondations Remontée Nappe, Mouvement de Terrain, Secousse Sismique, Vents Cycloniques",19-09-2022,12-10-2022,IOME2226252A,,803
,Inondations et/ou Coulées de Boue,24-08-2022,25-08-2022,IOME2224383A,,799
,Inondations et/ou Coulées de Boue,29-07-2022,25-08-2022,IOME2222390A,,798
,Sécheresse,26-07-2022,05-08-2022,IOME2221482A,,797
,"Avalanche, Chocs Mécaniques liés à l'action des Vagues, Inondations et/ou Coulées de Boue, Mouvement de Terrain, Secousse Sismique, Vents Cycloniques",25-07-2022,11-08-2022,IOME2221479A,,796
,"Inondations et/ou Coulées de Boue, Vents Cycloniques",12-07-2022,28-07-2022,IOME2220202A,,795
,Sécheresse,11-07-2022,26-07-2022,IOME2218165A,,801
,Inondations et/ou Coulées de Boue,09-07-2022,22-07-2022,IOME2219351A,,794
,"Inondations et/ou Coulées de Boue, Inondations Remontée Nappe, Mouvement de Terrain",08-07-2022,22-07-2022,IOME2218164A,,793
,Inondations et/ou Coulées de Boue,15-06-2022,02-07-2022,INTE2217496A,,792
,Inondations et/ou Coulées de Boue,10-06-2022,12-06-2022,INTE2216453A,,788
,"Chocs Mécaniques liés à l'action des Vagues, Inondations et/ou Coulées de Boue, Inondations Remontée Nappe, Mouvement de Terrain",30-05-2022,25-06-2022,INTE2214045A,,791
,Sécheresse,25-05-2022,25-06-2022,INTE2211972A,,790
,"Inondations et/ou Coulées de Boue, Inondations Remontée Nappe, Mouvement de Terrain, Secousse Sismique, Vents Cycloniques",24-05-2022,25-06-2022,INTE2211971A,,789
,Inondations et/ou Coulées de Boue,01-04-2022,06-04-2022,INTE2209895A,,787
,Sécheresse,15-03-2022,31-03-2022,INTE2207963A,,786
,"Inondations et/ou Coulées de Boue, Mouvement de Terrain",14-03-2022,30-03-2022,INTE2207961A,,785
,"Inondations et/ou Coulées de Boue, Mouvement de Terrain",09-02-2022,13-02-2022,INTE2204344A,,784
,Inondations et/ou Coulées de Boue,24-01-2022,12-02-2022,INTE2202054A,,783
,Sécheresse,18-01-2022,12-02-2022,INTE2201263A,,782
,"Inondations et/ou Coulées de Boue, Inondations Remontée Nappe, Mouvement de Terrain",17-01-2022,12-02-2022,INTE2201262A,,781
,Sécheresse,21-12-2021,14-01-2022,INTE2137451A,,780
,"Inondations et/ou Coulées de Boue, Mouvement de Terrain, Vents Cycloniques",20-12-2021,14-01-2022,INTE2137449A,,779
,Inondations et/ou Coulées de Boue,16-12-2021,17-12-2021,INTE2137424A,,778
,"Inondations et/ou Coulées de Boue, Inondations Remontée Nappe, Mouvement de Terrain, Secousse Sismique, Vents Cycloniques",22-11-2021,14-12-2021,INTE2134038A,,777
,Inondations et/ou Coulées de Boue,15-10-2021,17-10-2021,INTE2130679A,,775
,"Inondations et/ou Coulées de Boue, Mouvement de Terrain, Secousse Sismique, Vents Cycloniques",13-10-2021,05-11-2021,INTE2130680A,,776
,Inondations et/ou Coulées de Boue,24-09-2021,26-09-2021,INTE2128151A,,772
,Sécheresse,14-09-2021,28-09-2021,INTE2127289A,,773
,"Inondations et/ou Coulées de Boue, Inondations Remontée Nappe, Mouvement de Terrain, Secousse Sismique",13-09-2021,28-09-2021,INTE2127287A,,774
,Inondations et/ou Coulées de Boue,09-08-2021,25-08-2021,INTE2124447A,,770
,Sécheresse,27-07-2021,31-08-2021,INTE2122515A,,771
,"Chocs Mécaniques liés à l'action des Vagues, Inondations et/ou Coulées de Boue, Inondations Remontée Nappe, Mouvement de Terrain, Vents Cycloniques",26-07-2021,01-08-2021,INTE2122514A,,767
,Inondations et/ou Coulées de Boue,23-07-2021,01-08-2021,INTE2122730A,,768
,Inondations et/ou Coulées de Boue,12-07-2021,04-08-2021,INTE2121745A,,769
,Inondations et/ou Coulées de Boue,09-07-2021,20-07-2021,INTE2121339A,,766
,Inondations et/ou Coulées de Boue,30-06-2021,02-07-2021,INTE2119792A,,763
,Sécheresse,22-06-2021,09-07-2021,INTE2118485A,,765
,"Avalanche, Inondations et/ou Coulées de Boue, Inondations Remontée Nappe, Mouvement de Terrain",21-06-2021,09-07-2021,INTE2118484A,,764
,Sécheresse,18-05-2021,06-06-2021,INTE2114775A,,762
,"Inondations et/ou Coulées de Boue, Mouvement de Terrain",17-05-2021,06-06-2021,INTE2114774A,,761
,Sécheresse,20-04-2021,07-05-2021,INTE2112080A,,759
,"Inondations et/ou Coulées de Boue, Inondations Remontée Nappe, Mouvement de Terrain, Secousse Sismique",19-04-2021,07-05-2021,INTE2112076A,,760
,Sécheresse,09-03-2021,28-03-2021,INTE2107266A,,758
,"Chocs Mécaniques liés à l'action des Vagues, Inondations et/ou Coulées de Boue, Mouvement de Terrain, Secousse Sismique",08-03-2021,28-03-2021,INTE2107265A,,757
,Inondations et/ou Coulées de Boue,19-02-2021,24-02-2021,INTE2105706A,,755
,Sécheresse,11-02-2021,20-03-2021,INTE2104716A,,756
,"Inondations et/ou Coulées de Boue, Inondations Remontée Nappe, Mouvement de Terrain, Secousse Sismique, Vents Cycloniques",10-02-2021,13-02-2021,INTE2104714A,,754
,Sécheresse,19-01-2021,03-02-2021,INTE2101171A,,752
,"Inondations et/ou Coulées de Boue, Inondations Remontée Nappe, Mouvement de Terrain, Secousse Sismique, Vents Cycloniques",18-01-2021,03-02-2021,INTE2101163A,,753
,Sécheresse,15-12-2020,23-12-2020,INTE2034505A,,751
,"Chocs Mécaniques liés à l'action des Vagues, Inondations et/ou Coulées de Boue, Mouvement de Terrain, Secousse Sismique",14-12-2020,22-12-2020,INTE2034504A,,750
,Sécheresse,24-11-2020,03-12-2020,INTE2031567A,,748
,"Chocs Mécaniques liés à l'action des Vagues, Inondations et/ou Coulées de Boue, Mouvement de Terrain, Secousse Sismique, Vents Cycloniques",23-11-2020,03-12-2020,INTE2031566A,,749
,Sécheresse,20-10-2020,17-11-2020,INTE2027601A,,747
,"Inondations et/ou Coulées de Boue, Mouvement de Terrain, Secousse Sismique, Vents Cycloniques",19-10-2020,14-11-2020,INTE2027600A,,746
,"Chocs Mécaniques liés à l'action des Vagues, Inondations et/ou Coulées de Boue",07-10-2020,08-10-2020,INTE2026671A,,743
,Inondations et/ou Coulées de Boue,23-09-2020,24-09-2020,INTE2024953A,,742
,Sécheresse,15-09-2020,25-10-2020,INTE2023940A,,744
,"Inondations et/ou Coulées de Boue, Inondations Remontée Nappe, Mouvement de Terrain, Secousse Sismique, Vents Cycloniques",14-09-2020,24-10-2020,INTE2023938A,,745
,Sécheresse,28-07-2020,03-09-2020,INTE2019261A,,740
,"Chocs Mécaniques liés à l'action des Vagues, Inondations et/ou Coulées de Boue, Mouvement de Terrain, Secousse Sismique",27-07-2020,03-09-2020,INTE2019260A,,741
,Sécheresse,07-07-2020,29-07-2020,INTE2016905A,,738
,"Chocs Mécaniques liés à l'action des Vagues, Inondations et/ou Coulées de Boue, Inondations Remontée Nappe, Mouvement de Terrain, Secousse Sismique, Vents Cycloniques",06-07-2020,29-07-2020,INTE2016904A,,739
,Sécheresse,17-06-2020,10-07-2020,INTE2014522A,,735
,"Chocs Mécaniques liés à l'action des Vagues, Inondations et/ou Coulées de Boue, Inondations Remontée Nappe, Mouvement de Terrain, Secousse Sismique, Vents Cycloniques",16-06-2020,10-07-2020,INTE2014521A,,734
,Sécheresse,29-04-2020,12-06-2020,INTE2010312A,,732
,"Chocs Mécaniques liés à l'action des Vagues, Inondations et/ou Coulées de Boue, Inondations Remontée Nappe, Mouvement de Terrain, Secousse Sismique, Vents Cycloniques",28-04-2020,12-06-2020,INTE2010310A,,733
,Sécheresse,03-03-2020,13-03-2020,INTE2005872A,,731
,"Chocs Mécaniques liés à l'action des Vagues, Inondations et/ou Coulées de Boue, Mouvement de Terrain, Secousse Sismique, Vents Cycloniques",02-03-2020,13-03-2020,INTE2005870A,,730
,Sécheresse,28-01-2020,13-02-2020,INTE2002330A,,729
,"Chocs Mécaniques liés à l'action des Vagues, Inondations et/ou Coulées de Boue, Mouvement de Terrain, Vents Cycloniques",27-01-2020,13-02-2020,INTE2002329A,,728
,"Chocs Mécaniques liés à l'action des Vagues, Inondations et/ou Coulées de Boue, Mouvement de Terrain, Secousse Sismique, Vents Cycloniques",13-01-2020,29-01-2020,INTE2000953A,,727
,Inondations et/ou Coulées de Boue,08-01-2020,17-01-2020,INTE2000203A,,726
,Sécheresse,13-12-2019,19-12-2019,INTE1935645A,,725
,"Chocs Mécaniques liés à l'action des Vagues, Inondations et/ou Coulées de Boue, Inondations Remontée Nappe, Mouvement de Terrain, Secousse Sismique, Vents Cycloniques",12-12-2019,19-12-2019,INTE1935602A,,724
,Inondations et/ou Coulées de Boue,28-11-2019,30-11-2019,INTE1934128A,,721
,Secousse Sismique,21-11-2019,23-11-2019,INTE1933339A,,720
,Sécheresse,19-11-2019,30-11-2019,INTE1932509A,,723
,"Inondations et/ou Coulées de Boue, Inondations Remontée Nappe, Mouvement de Terrain, Secousse Sismique, Vents Cycloniques",18-11-2019,30-11-2019,INTE1932508A,,722
,Inondations et/ou Coulées de Boue,30-10-2019,31-10-2019,INTE1931207A,,717
,Sécheresse,15-10-2019,15-11-2019,INTE1928914A,,718
,"Inondations et/ou Coulées de Boue, Inondations Remontée Nappe, Mouvement de Terrain, Secousse Sismique, Vents Cycloniques",14-10-2019,16-11-2019,INTE1928835A,,719
,Sécheresse,17-09-2019,26-10-2019,INTE1926068A,,716
,"Chocs Mécaniques liés à l'action des Vagues, Inondations et/ou Coulées de Boue, Mouvement de Terrain, Secousse Sismique, Vents Cycloniques",16-09-2019,23-10-2019,INTE1926063A,,715
,"Inondations et/ou Coulées de Boue, Inondations Remontée Nappe, Vents Cycloniques",05-08-2019,04-09-2019,INTE1922702A,,714
,Sécheresse,16-07-2019,09-08-2019,INTE1920338A,,713
,"Inondations et/ou Coulées de Boue, Inondations Remontée Nappe, Mouvement de Terrain, Secousse Sismique",15-07-2019,09-08-2019,INTE1920320A,,712
,Inondations et/ou Coulées de Boue,21-06-2019,22-06-2019,INTE1917689A,,709
,Sécheresse,18-06-2019,17-07-2019,INTE1917051A,,710
,"Avalanche, Inondations et/ou Coulées de Boue, Inondations Remontée Nappe, Mouvement de Terrain, Vents Cycloniques",17-06-2019,17-07-2019,INTE1917050A,,711
,Sécheresse,21-05-2019,22-06-2019,INTE1914147A,,708
,"Chocs Mécaniques liés à l'action des Vagues, Inondations et/ou Coulées de Boue, Mouvement de Terrain",20-05-2019,22-06-2019,INTE1914145A,,707
,Sécheresse,16-04-2019,04-05-2019,INTE1910695A,,706
,"Chocs Mécaniques liés à l'action des Vagues, Inondations et/ou Coulées de Boue, Mouvement de Terrain, Vents Cycloniques",15-04-2019,04-05-2019,INTE1910693A,,705
,Sécheresse,20-03-2019,07-04-2019,INTE1907679A,,704
,"Chocs Mécaniques liés à l'action des Vagues, Inondations et/ou Coulées de Boue, Inondations Remontée Nappe, Mouvement de Terrain, Vents Cycloniques",19-03-2019,07-04-2019,INTE1907677A,,703
,Sécheresse,27-02-2019,23-03-2019,INTE1905474A,,702
,"Inondations et/ou Coulées de Boue, Mouvement de Terrain, Secousse Sismique, Vents Cycloniques",26-02-2019,22-03-2019,INTE1905473A,,701
,Sécheresse,24-01-2019,14-02-2019,INTE1901606A,,700
,"Chocs Mécaniques liés à l'action des Vagues, Inondations et/ou Coulées de Boue, Inondations Remontée Nappe, Mouvement de Terrain",23-01-2019,14-02-2019,INTE1901604A,,699
,Sécheresse,26-12-2018,30-01-2019,INTE1835009A,,698
,"Chocs Mécaniques liés à l'action des Vagues, Inondations et/ou Coulées de Boue, Inondations Remontée Nappe, Mouvement de Terrain, Secousse Sismique, Vents Cycloniques",24-12-2018,30-01-2019,INTE1835008A,,697
,Sécheresse,27-11-2018,07-12-2018,INTE1831447A,,696
,"Chocs Mécaniques liés à l'action des Vagues, Inondations et/ou Coulées de Boue, Inondations Remontée Nappe, Mouvement de Terrain",26-11-2018,07-12-2018,INTE1831446A,,695
,Inondations et/ou Coulées de Boue,29-10-2018,08-11-2018,INTE1829420A,,694
,Sécheresse,23-10-2018,03-11-2018,INTE1828406A,,693
,"Inondations et/ou Coulées de Boue, Mouvement de Terrain, Vents Cycloniques",22-10-2018,03-11-2018,INTE1828404A,,692
,Inondations et/ou Coulées de Boue,17-10-2018,18-10-2018,INTE1828277A,,688
,"Inondations et/ou Coulées de Boue, Inondations Remontée Nappe",04-10-2018,03-11-2018,INTE1826529A,,691
,Sécheresse,18-09-2018,20-10-2018,INTE1824834A,,690
,"Chocs Mécaniques liés à l'action des Vagues, Inondations et/ou Coulées de Boue, Mouvement de Terrain, Secousse Sismique",17-09-2018,20-10-2018,INTE1824833A,,689
,Sécheresse,24-07-2018,12-08-2018,INTE1820388A,,686
,"Inondations et/ou Coulées de Boue, Mouvement de Terrain, Vents Cycloniques",23-07-2018,15-08-2018,INTE1820387A,,687
,Sécheresse,10-07-2018,27-07-2018,INTE1818803A,,685
,Inondations et/ou Coulées de Boue,09-07-2018,27-07-2018,INTE1818802A,,684
,Sécheresse,27-06-2018,05-07-2018,INTE1817090A,,683
,"Avalanche, Chocs Mécaniques liés à l'action des Vagues, Inondations et/ou Coulées de Boue, Inondations Remontée Nappe, Mouvement de Terrain, Secousse Sismique, Vents Cycloniques",26-06-2018,05-07-2018,INTE1817087A,,682
,Sécheresse,24-05-2018,22-06-2018,INTE1913671A,,681
,"Avalanche, Chocs Mécaniques liés à l'action des Vagues, Inondations et/ou Coulées de Boue, Inondations Remontée Nappe, Mouvement de Terrain, Secousse Sismique",23-05-2018,22-06-2018,INTE1813670A,,680
,Sécheresse,18-04-2018,30-05-2018,INTE1810999A,,679
,"Chocs Mécaniques liés à l'action des Vagues, Inondations et/ou Coulées de Boue, Mouvement de Terrain",17-04-2018,30-05-2018,INTE1810998A,,678
,Sécheresse,27-03-2018,02-05-2018,INTE1808307A,,677
,"Chocs Mécaniques liés à l'action des Vagues, Inondations et/ou Coulées de Boue, Inondations Remontée Nappe, Mouvement de Terrain, Secousse Sismique, Vents Cycloniques",26-03-2018,02-05-2018,INTE1808306A,,676
,"Chocs Mécaniques liés à l'action des Vagues, Inondations et/ou Coulées de Boue, Mouvement de Terrain, Secousse Sismique",09-03-2018,10-03-2018,INTE1802922A,,671
,Sécheresse,09-03-2018,10-03-2018,INTE1802927A,,672
,"Avalanche, Chocs Mécaniques liés à l'action des Vagues, Inondations et/ou Coulées de Boue, Mouvement de Terrain",09-03-2018,10-03-2018,INTE1806551A,,673
,Sécheresse,22-02-2018,24-03-2018,INTE1805268A,,675
,"Inondations et/ou Coulées de Boue, Inondations Remontée Nappe, Mouvement de Terrain, Secousse Sismique",21-02-2018,24-03-2018,INTE1805267A,,674
,Inondations et/ou Coulées de Boue,14-02-2018,15-02-2018,INTE1804348A,,669
,"Inondations et/ou Coulées de Boue, Mouvement de Terrain",31-01-2018,01-02-2018,INTE1802929A,,667
,"Chocs Mécaniques liés à l'action des Vagues, Inondations et/ou Coulées de Boue, Inondations Remontée Nappe, Mouvement de Terrain",31-01-2018,01-02-2018,INTE1734728A,,668
,Sécheresse,27-12-2017,16-02-2018,INTE1725579A,,670
,Vents Cycloniques,28-11-2017,29-11-2017,INTE1730632A,,664
,"Inondations et/ou Coulées de Boue, Mouvement de Terrain, Secousse Sismique, Vents Cycloniques",21-11-2017,15-12-2017,INTE1731318A,,665
,Sécheresse,21-11-2017,15-12-2017,INTE1731322A,,666
,Sécheresse,24-10-2017,01-11-2017,INTE1727359A,,662
,"Inondations et/ou Coulées de Boue, Mouvement de Terrain",24-10-2017,07-11-2017,INTE1727357A,,663
,Sécheresse,27-09-2017,20-10-2017,INTE1726133A,,660
,"Inondations et/ou Coulées de Boue, Inondations Remontée Nappe, Mouvement de Terrain",26-09-2017,27-10-2017,INTE1726132A,,661
,"Chocs Mécaniques liés à l'action des Vagues, Inondations et/ou Coulées de Boue, Vents Cycloniques",22-09-2017,24-09-2017,INTE1726504A,,659
,"Chocs Mécaniques liés à l'action des Vagues, Inondations et/ou Coulées de Boue, Vents Cycloniques",08-09-2017,09-09-2017,INTE1725480A,,658
,Sécheresse,25-07-2017,01-09-2017,INTE1719708A,,656
,"Chocs Mécaniques liés à l'action des Vagues, Inondations et/ou Coulées de Boue, Inondations Remontée Nappe, Mouvement de Terrain",25-07-2017,02-09-2017,INTE1719705A,,657
,Sécheresse,26-06-2017,07-07-2017,INTE1711734A,,650
,Sécheresse,26-06-2017,07-07-2017,INTE1717783A,,651
,"Inondations et/ou Coulées de Boue, Inondations Remontée Nappe, Mouvement de Terrain",26-06-2017,07-07-2017,INTE1714656A,,652
,"Chocs Mécaniques liés à l'action des Vagues, Inondations et/ou Coulées de Boue, Mouvement de Terrain, Secousse Sismique, Vents Cycloniques",26-06-2017,07-07-2017,INTE1717782A,,653
,"Chocs Mécaniques liés à l'action des Vagues, Inondations et/ou Coulées de Boue, Mouvement de Terrain, Secousse Sismique",26-06-2017,07-07-2017,INTE1711727A,,654
,Sécheresse,26-06-2017,08-07-2017,INTE1714657A,,655
,Sécheresse,24-03-2017,29-04-2017,INTE1705708A,,648
,"Inondations et/ou Coulées de Boue, Inondations Remontée Nappe, Mouvement de Terrain, Secousse Sismique",24-03-2017,29-04-2017,INTE1705706A,,649
,"Chocs Mécaniques liés à l'action des Vagues, Inondations et/ou Coulées de Boue, Inondations Remontée Nappe, Mouvement de Terrain",21-03-2017,28-04-2017,INTE1708489A,,646
,Sécheresse,21-03-2017,28-04-2017,INTE1708474A,,647
,Sécheresse,24-01-2017,03-03-2017,INTE1701177A,,644
,"Inondations et/ou Coulées de Boue, Inondations Remontée Nappe, Mouvement de Terrain",24-01-2017,03-03-2017,INTE1701176A,,645
,"Chocs Mécaniques liés à l'action des Vagues, Inondations et/ou Coulées de Boue, Inondations Remontée Nappe, Mouvement de Terrain, Secousse Sismique, Vents Cycloniques",20-12-2016,27-01-2017,INTE1637220A,,642
,Sécheresse,20-12-2016,12-02-2017,INTE1637233A,,643
,Inondations et/ou Coulées de Boue,14-12-2016,23-12-2016,INTE1637086A,,639
,"Inondations et/ou Coulées de Boue, Inondations Remontée Nappe, Mouvement de Terrain, Secousse Sismique, Vents Cycloniques",22-11-2016,27-12-2016,INTE1633036A,,640
,Sécheresse,22-11-2016,27-12-2016,INTE1633037A,,641
,"Inondations et/ou Coulées de Boue, Inondations Remontée Nappe, Mouvement de Terrain, Secousse Sismique",26-10-2016,07-12-2016,INTE1630434A,,637
,Sécheresse,26-10-2016,16-12-2016,INTE1630464A,,638
,"Inondations et/ou Coulées de Boue, Mouvement de Terrain, Secousse Sismique",26-09-2016,20-10-2016,INTE1626972A,,634
,Sécheresse,26-09-2016,20-10-2016,INTE1626973A,,635
,"Inondations et/ou Coulées de Boue, Inondations Remontée Nappe, Mouvement de Terrain, Secousse Sismique",16-09-2016,20-10-2016,INTE1625246A,,633
,Sécheresse,16-09-2016,21-10-2016,INTE1625249A,,636
,"Inondations et/ou Coulées de Boue, Mouvement de Terrain",26-07-2016,12-08-2016,INTE1620877A,,631
,Sécheresse,26-07-2016,23-08-2016,INTE1620875A,,632
,"Chocs Mécaniques liés à l'action des Vagues, Inondations et/ou Coulées de Boue, Inondations Remontée Nappe, Mouvement de Terrain",28-06-2016,20-07-2016,INTE1617716A,,629
,Sécheresse,28-06-2016,20-07-2016,INTE1617718A,,630
,Inondations et/ou Coulées de Boue,15-06-2016,16-06-2016,INTE1616446A,,626
,Inondations et/ou Coulées de Boue,08-06-2016,09-06-2016,INTE1615488A,,625
,"Inondations et/ou Coulées de Boue, Inondations Remontée Nappe, Mouvement de Terrain, Secousse Sismique",26-05-2016,10-07-2016,INTE1612772A,,627
,Sécheresse,26-05-2016,10-07-2016,INTE1612770A,,628
,"Chocs Mécaniques liés à l'action des Vagues, Inondations et/ou Coulées de Boue, Inondations Remontée Nappe, Mouvement de Terrain",26-04-2016,01-06-2016,INTE1610580A,,623
,Sécheresse,26-04-2016,01-06-2016,INTE1610581A,,624
,"Chocs Mécaniques liés à l'action des Vagues, Inondations et/ou Coulées de Boue, Mouvement de Terrain, Secousse Sismique",25-03-2016,16-04-2016,INTE1607638A,,621
,Sécheresse,25-03-2016,16-04-2016,INTE1607643A,,622
,Sécheresse,25-02-2016,09-04-2016,INTE1604026A,,619
,"Avalanche, Inondations et/ou Coulées de Boue, Inondations Remontée Nappe, Mouvement de Terrain",25-02-2016,10-04-2016,INTE1604025A,,620
,"Chocs Mécaniques liés à l'action des Vagues, Inondations et/ou Coulées de Boue, Inondations Remontée Nappe, Mouvement de Terrain",01-02-2016,02-03-2016,INTE1601549A,,617
,Sécheresse,01-02-2016,02-03-2016,INTE1601551A,,618
,Sécheresse,26-12-2015,22-01-2016,INTE1529952A,,616
,"Chocs Mécaniques liés à l'action des Vagues, Inondations et/ou Coulées de Boue, Inondations Remontée Nappe, Mouvement de Terrain",23-12-2015,22-01-2016,INTE1529936A,,615
,Sécheresse,23-11-2015,22-01-2016,INTE1527251A,,614
,"Avalanche, Inondations et/ou Coulées de Boue, Inondations Remontée Nappe, Mouvement de Terrain",18-11-2015,19-11-2015,INTE1527252A,,611
,"Avalanche, Inondations et/ou Coulées de Boue, Inondations Remontée Nappe, Mouvement de Terrain",28-10-2015,29-10-2015,INTE1525241A,,610
,Inondations et/ou Coulées de Boue,07-10-2015,08-10-2015,INTE1523560A,,609
,"Algues Sargasses, Avalanche, Inondations et/ou Coulées de Boue, Inondations Remontée Nappe, Mouvement de Terrain, Secousse Sismique",02-10-2015,08-10-2015,INTE1523044A,,608
,Mouvement de Terrain,31-07-2015,01-08-2015,INTE1518576A,,607
,"Inondations et/ou Coulées de Boue, Inondations Remontée Nappe, Mouvement de Terrain",23-07-2015,26-07-2015,INTE1517820A,,605
,Sécheresse,23-07-2015,26-07-2015,INTE1517922A,,606
,"Algues Sargasses, Inondations et/ou Coulées de Boue, Inondations Remontée Nappe, Mouvement de Terrain, Secousse Sismique",16-07-2015,22-07-2015,INTE1516409A,,604
,"Inondations et/ou Coulées de Boue, Inondations Remontée Nappe, Mouvement de Terrain",05-06-2015,07-06-2015,INTE1511990A,,603
,"Avalanche, Inondations et/ou Coulées de Boue, Inondations Remontée Nappe, Mouvement de Terrain",27-04-2015,06-05-2015,INTE1510045A,,602
,"Inondations et/ou Coulées de Boue, Inondations Remontée Nappe, Mouvement de Terrain",27-03-2015,31-03-2015,INTE1507293A,,601
,"Avalanche, Chocs Mécaniques liés à l'action des Vagues, Inondations et/ou Coulées de Boue, Inondations Remontée Nappe, Mouvement de Terrain, Vents Cycloniques",03-03-2015,04-03-2015,INTE1503998A,,599
,Sécheresse,03-03-2015,04-03-2015,INTE1504000A,,600
,Sécheresse,17-02-2015,19-02-2015,INTE1502135A,,597
,"Chocs Mécaniques liés à l'action des Vagues, Inondations et/ou Coulées de Boue, Inondations Remontée Nappe, Mouvement de Terrain",17-02-2015,19-02-2015,INTE1502134A,,598
,"Inondations et/ou Coulées de Boue, Inondations Remontée Nappe, Mouvement de Terrain",29-12-2014,06-01-2015,INTE1430243A,,595
,Sécheresse,29-12-2014,06-01-2015,INTE1430244A,,596
,"Chocs Mécaniques liés à l'action des Vagues, Inondations et/ou Coulées de Boue",10-12-2014,11-12-2014,INTE1429330A,,594
,"Inondations et/ou Coulées de Boue, Inondations Remontée Nappe, Mouvement de Terrain",04-12-2014,07-12-2014,INTE1427189A,,593
,Inondations et/ou Coulées de Boue,03-12-2014,04-12-2014,INTE1428518A,,592
,"Avalanche, Chocs Mécaniques liés à l'action des Vagues, Inondations et/ou Coulées de Boue, Inondations Remontée Nappe, Mouvement de Terrain, Secousse Sismique",04-11-2014,07-11-2014,INTE1425669A,,590
,Sécheresse,04-11-2014,07-11-2014,INTE1425673A,,591
,Inondations et/ou Coulées de Boue,08-10-2014,11-10-2014,INTE1423539A,,589
,"Chocs Mécaniques liés à l'action des Vagues, Inondations et/ou Coulées de Boue, Inondations Remontée Nappe, Mouvement de Terrain, Secousse Sismique",02-10-2014,04-10-2014,INTE1422767A,,587
,Sécheresse,02-10-2014,04-10-2014,INTE1422766A,,588
,Inondations et/ou Coulées de Boue,26-09-2014,27-09-2014,INTE1422691A,,586
,Sécheresse,08-08-2014,10-08-2014,INTE1418132A,,584
,"Avalanche, Chocs Mécaniques liés à l'action des Vagues, Inondations et/ou Coulées de Boue, Inondations Remontée Nappe, Mouvement de Terrain, Secousse Sismique",07-08-2014,10-08-2014,INTE1418131A,,585
,"Chocs Mécaniques liés à l'action des Vagues, Inondations et/ou Coulées de Boue, Inondations Remontée Nappe, Mouvement de Terrain",28-07-2014,06-08-2014,INTE1415220A,,583
,Sécheresse,23-07-2014,25-07-2014,INTE1415221A,,582
,Inondations et/ou Coulées de Boue,09-07-2014,10-07-2014,INTE1416272A,,581
,"Chocs Mécaniques liés à l'action des Vagues, Inondations et/ou Coulées de Boue, Inondations Remontée Nappe, Mouvement de Terrain, Vents Cycloniques",07-07-2014,09-07-2014,INTE1411634A,,580
,Sécheresse,17-06-2014,21-06-2014,INTE1411746A,,579
,"Chocs Mécaniques liés à l'action des Vagues, Inondations et/ou Coulées de Boue, Inondations Remontée Nappe, Mouvement de Terrain",13-05-2014,18-05-2014,INTE1409887A,,578
,Sécheresse,22-04-2014,26-04-2014,INTE1406758A,,575
,"Chocs Mécaniques liés à l'action des Vagues, Inondations et/ou Coulées de Boue, Mouvement de Terrain",22-04-2014,26-04-2014,INTE1408427A,,576
,"Avalanche, Chocs Mécaniques liés à l'action des Vagues, Inondations et/ou Coulées de Boue, Inondations Remontée Nappe, Mouvement de Terrain, Secousse Sismique, Vents Cycloniques",22-04-2014,26-04-2014,INTE1406754A,,577
,Sécheresse,25-03-2014,29-03-2014,INTE1404400A,,574
,"Chocs Mécaniques liés à l'action des Vagues, Inondations et/ou Coulées de Boue, Inondations Remontée Nappe, Mouvement de Terrain, Secousse Sismique, Vents Cycloniques",27-02-2014,01-03-2014,INTE1404399A,,573
,"Inondations et/ou Coulées de Boue, Inondations Remontée Nappe, Mouvement de Terrain, Secousse Sismique, Vents Cycloniques",31-01-2014,02-02-2014,INTE1402613A,,570
,Sécheresse,31-01-2014,02-02-2014,INTE1402612A,,571
,"Chocs Mécaniques liés à l'action des Vagues, Inondations et/ou Coulées de Boue, Mouvement de Terrain",31-01-2014,02-02-2014,INTE1402377A,,572
,"Avalanche, Inondations et/ou Coulées de Boue, Inondations Remontée Nappe, Mouvement de Terrain, Secousse Sismique",21-01-2014,24-01-2014,INTE1401747A,,568
,Sécheresse,21-01-2014,24-01-2014,INTE1401748A,,569
,Inondations et/ou Coulées de Boue,17-01-2014,18-01-2014,INTE1401216A,,567
,Sécheresse,27-11-2013,03-12-2013,INTE1329160A,,566
,"Chocs Mécaniques liés à l'action des Vagues, Inondations et/ou Coulées de Boue, Inondations Remontée Nappe, Mouvement de Terrain, Secousse Sismique",25-11-2013,27-11-2013,INTE1328190A,,565
,"Chocs Mécaniques liés à l'action des Vagues, Inondations et/ou Coulées de Boue, Inondations Remontée Nappe, Mouvement de Terrain",21-11-2013,23-11-2013,INTE1328613A,,563
,Sécheresse,21-11-2013,23-11-2013,INTE1328614A,,564
,"Avalanche, Inondations et/ou Coulées de Boue, Inondations Remontée Nappe, Mouvement de Terrain, Secousse Sismique",22-10-2013,26-10-2013,INTE1324832A,,561
,Sécheresse,22-10-2013,26-10-2013,INTE1324839A,,562
,"Inondations et/ou Coulées de Boue, Inondations Remontée Nappe, Mouvement de Terrain",10-09-2013,13-09-2013,INTE1322057A,,560
,Sécheresse,29-07-2013,02-08-2013,INTE1319723A,,558
,"Inondations et/ou Coulées de Boue, Inondations Remontée Nappe, Mouvement de Terrain",29-07-2013,02-08-2013,INTE1319721A,,559
,"Chocs Mécaniques liés à l'action des Vagues, Inondations et/ou Coulées de Boue, Inondations Remontée Nappe, Mouvement de Terrain",08-07-2013,11-07-2013,INTE1317705A,,556
,Sécheresse,08-07-2013,11-07-2013,INTE1317706A,,557
,"Inondations et/ou Coulées de Boue, Inondations Remontée Nappe, Mouvement de Terrain",28-06-2013,29-06-2013,INTE1316402A,,555
,"Chocs Mécaniques liés à l'action des Vagues, Inondations et/ou Coulées de Boue, Inondations Remontée Nappe, Mouvement de Terrain, Secousse Sismique, Vents Cycloniques",20-06-2013,27-06-2013,INTE1316146A,,553
,Sécheresse,20-06-2013,27-06-2013,INTE1316150A,,554
,"Chocs Mécaniques liés à l'action des Vagues, Inondations et/ou Coulées de Boue, Mouvement de Terrain",21-05-2013,25-05-2013,INTE1311771A,,551
,Sécheresse,21-05-2013,25-05-2013,INTE1311772A,,552
,"Chocs Mécaniques liés à l'action des Vagues, Inondations et/ou Coulées de Boue, Inondations Remontée Nappe, Mouvement de Terrain, Vents Cycloniques",18-04-2013,25-04-2013,INTE1309640A,,549
,Sécheresse,18-04-2013,25-04-2013,INTE1309641A,,550
,Vents Cycloniques,18-03-2013,21-03-2013,INTE1304610A,,548
,"Avalanche, Chocs Mécaniques liés à l'action des Vagues, Inondations et/ou Coulées de Boue, Mouvement de Terrain, Vents Cycloniques",11-03-2013,14-03-2013,INTE1306481A,,546
,Sécheresse,11-03-2013,14-03-2013,INTE1306489A,,547
,Sécheresse,20-02-2013,24-02-2013,INTE1304303A,,544
,"Chocs Mécaniques liés à l'action des Vagues, Inondations et/ou Coulées de Boue, Mouvement de Terrain",20-02-2013,28-02-2013,INTE1304305A,,545
,"Inondations et/ou Coulées de Boue, Inondations Remontée Nappe, Mouvement de Terrain, Secousse Sismique",10-01-2013,13-01-2013,INTE1243393A,,542
,Sécheresse,10-01-2013,13-01-2013,INTE1243397A,,543
,"Chocs Mécaniques liés à l'action des Vagues, Inondations et/ou Coulées de Boue, Inondations Remontée Nappe, Mouvement de Terrain, Secousse Sismique",30-11-2012,06-12-2012,INTE1240954A,,540
,Sécheresse,30-11-2012,06-12-2012,INTE1240955A,,541
,Sécheresse,06-11-2012,09-11-2012,INTE1238676A,,538
,"Inondations et/ou Coulées de Boue, Mouvement de Terrain, Vents Cycloniques",06-11-2012,09-11-2012,INTE1238675A,,539
,"Inondations et/ou Coulées de Boue, Mouvement de Terrain, Secousse Sismique",18-10-2012,21-10-2012,INTE1236505A,,536
,Sécheresse,18-10-2012,21-10-2012,INTE1236522A,,537
,"Inondations et/ou Coulées de Boue, Mouvement de Terrain, Secousse Sismique",27-07-2012,02-08-2012,INTE1230773A,,534
,Sécheresse,27-07-2012,02-08-2012,INTE1230775A,,535
,Sécheresse,11-07-2012,17-07-2012,INTE1228647A,,532
,"Inondations et/ou Coulées de Boue, Mouvement de Terrain",11-07-2012,17-07-2012,INTE1229083A,,533
,"Inondations et/ou Coulées de Boue, Inondations Remontée Nappe, Mouvement de Terrain, Secousse Sismique",11-06-2012,15-06-2012,INTE1225668A,,530
,Sécheresse,11-06-2012,15-06-2012,INTE1225650A,,531
,Inondations et/ou Coulées de Boue,08-06-2012,14-06-2012,INTE1224863A,,529
,Sécheresse,04-06-2012,08-06-2012,INTE1223286A,,527
,"Avalanche, Inondations et/ou Coulées de Boue, Inondations Remontée Nappe, Mouvement de Terrain, Sécheresse",04-06-2012,08-06-2012,INTE1223287A,,528
,"Inondations et/ou Coulées de Boue, Inondations Remontée Nappe, Mouvement de Terrain",05-04-2012,07-04-2012,IOCE1210036A,,525
,Sécheresse,05-04-2012,07-04-2012,IOCE1210040A,,526
,"Chocs Mécaniques liés à l'action des Vagues, Inondations et/ou Coulées de Boue, Mouvement de Terrain, Secousse Sismique",01-03-2012,07-03-2012,IOCE1206485A,,523
,Sécheresse,01-03-2012,07-03-2012,IOCE1206488A,,524
,"Chocs Mécaniques liés à l'action des Vagues, Inondations et/ou Coulées de Boue, Inondations Remontée Nappe, Mouvement de Terrain, Secousse Sismique",30-01-2012,02-02-2012,IOCE1202909A,,521
,Sécheresse,30-01-2012,02-02-2012,IOCE1202912A,,522
,"Chocs Mécaniques liés à l'action des Vagues, Inondations et/ou Coulées de Boue, Mouvement de Terrain, Vents Cycloniques",27-12-2011,03-01-2012,IOCE1135490A,,519
,"Inondations et/ou Coulées de Boue, Sécheresse",22-12-2011,03-01-2012,IOCE1135124A,,518
,"Chocs Mécaniques liés à l'action des Vagues, Inondations et/ou Coulées de Boue, Mouvement de Terrain",21-12-2011,03-01-2012,IOCE1134317A,,517
,"Inondations et/ou Coulées de Boue, Inondations Remontée Nappe, Mouvement de Terrain, Vents Cycloniques",12-12-2011,15-12-2011,IOCE1133767A,,516
,Sécheresse,12-12-2011,03-01-2012,IOCE1133770A,,520
,"Chocs Mécaniques liés à l'action des Vagues, Inondations et/ou Coulées de Boue, Inondations Remontée Nappe, Mouvement de Terrain",28-11-2011,01-12-2011,IOCE1132263A,,514
,Sécheresse,28-11-2011,01-12-2011,IOCE1132265A,,515
,Inondations et/ou Coulées de Boue,18-11-2011,19-11-2011,IOCE1131348A,,513
,"Inondations et/ou Coulées de Boue, Inondations Remontée Nappe, Mouvement de Terrain",19-10-2011,23-10-2011,IOCE1128564A,,511
,Sécheresse,19-10-2011,23-10-2011,IOCE1128565A,,512
,Sécheresse,18-08-2011,21-08-2011,IOCE1123048A,,509
,"Inondations et/ou Coulées de Boue, Mouvement de Terrain",18-08-2011,21-08-2011,IOCE1123049A,,510
,"Chocs Mécaniques liés à l'action des Vagues, Inondations et/ou Coulées de Boue, Inondations Remontée Nappe, Mouvement de Terrain, Secousse Sismique",15-07-2011,21-07-2011,IOCE1119701A,,507
,Sécheresse,15-07-2011,22-07-2011,IOCE1119704A,,508
,"Inondations et/ou Coulées de Boue, Inondations Remontée Nappe, Mouvement de Terrain, Secousse Sismique",17-06-2011,22-06-2011,IOCE1116635A,,505
,Sécheresse,17-06-2011,22-06-2011,IOCE1116643A,,506
,"Inondations et/ou Coulées de Boue, Mouvement de Terrain",23-05-2011,26-05-2011,IOCE1114093A,,503
,Sécheresse,23-05-2011,26-05-2011,IOCE1114097A,,504
,"Inondations et/ou Coulées de Boue, Inondations Remontée Nappe, Mouvement de Terrain",05-04-2011,10-04-2011,IOCE1109682A,,501
,Sécheresse,05-04-2011,10-04-2011,IOCE1109686A,,502
,Sécheresse,31-03-2011,06-04-2011,IOCE1109031A,,499
,"Chocs Mécaniques liés à l'action des Vagues, Inondations et/ou Coulées de Boue, Mouvement de Terrain, Secousse Sismique",30-03-2011,02-04-2011,IOCE1105878A,,498
,"Chocs Mécaniques liés à l'action des Vagues, Inondations et/ou Coulées de Boue, Inondations Remontée Nappe, Mouvement de Terrain, Secousse Sismique",30-03-2011,06-04-2011,IOCE1109178A,,500
,Sécheresse,21-02-2011,25-02-2011,IOCE1105404A,,497
,Sécheresse,27-01-2011,02-02-2011,IOCE1102769A,,496
,"Inondations et/ou Coulées de Boue, Lave Torrentielle, Mouvement de Terrain, Sécheresse",10-01-2011,13-01-2011,IOCE1100825A,,495
,Sécheresse,13-12-2010,13-01-2011,IOCE1032143A,,494
,"Chocs Mécaniques liés à l'action des Vagues, Inondations et/ou Coulées de Boue, Mouvement de Terrain",02-12-2010,05-12-2010,IOCE1030923A,,493
,"Chocs Mécaniques liés à l'action des Vagues, Inondations et/ou Coulées de Boue, Lave Torrentielle, Mouvement de Terrain, Secousse Sismique",30-11-2010,03-12-2010,IOCE1029329A,,492
,"Chocs Mécaniques liés à l'action des Vagues, Inondations et/ou Coulées de Boue, Mouvement de Terrain",29-10-2010,03-11-2010,IOCE1027783A,,491
,"Chocs Mécaniques liés à l'action des Vagues, Grêle, Inondations et/ou Coulées de Boue, Mouvement de Terrain",14-09-2010,17-09-2010,IOCE1017686A,,490
,"Chocs Mécaniques liés à l'action des Vagues, Inondations et/ou Coulées de Boue, Mouvement de Terrain, Poids de la Neige",07-09-2010,10-09-2010,IOCE1020176A,,489
,"Chocs Mécaniques liés à l'action des Vagues, Inondations et/ou Coulées de Boue, Mouvement de Terrain",25-06-2010,26-06-2010,IOCE1015123A,,488
,Inondations et/ou Coulées de Boue,21-06-2010,22-06-2010,IOCE1016199A,,487
,"Chocs Mécaniques liés à l'action des Vagues, Inondations et/ou Coulées de Boue, Mouvement de Terrain, Vents Cycloniques",10-05-2010,13-05-2010,IOCE1012624A,,486
,Inondations et/ou Coulées de Boue,09-04-2010,11-04-2010,IOCE1009831A,,485
,"Chocs Mécaniques liés à l'action des Vagues, Inondations et/ou Coulées de Boue, Mouvement de Terrain",30-03-2010,02-04-2010,IOCE1008437A,,483
,Sécheresse,30-03-2010,02-04-2010,IOCE1008438A,,484
,Chocs Mécaniques liés à l'action des Vagues,11-03-2010,13-03-2010,IOCE1006974A,,482
,"Avalanche, Chocs Mécaniques liés à l'action des Vagues, Inondations et/ou Coulées de Boue, Inondations Remontée Nappe, Mouvement de Terrain",10-03-2010,14-03-2010,IOCE1006931A,,480
,Sécheresse,10-03-2010,14-03-2010,IOCE1006935A,,481
,"Chocs Mécaniques liés à l'action des Vagues, Inondations et/ou Coulées de Boue, Mouvement de Terrain",01-03-2010,02-03-2010,IOCE1005933A,,479
,"Chocs Mécaniques liés à l'action des Vagues, Inondations et/ou Coulées de Boue, Mouvement de Terrain",11-02-2010,14-02-2010,IOCE1004221A,,477
,Sécheresse,11-02-2010,14-02-2010,IOCE1004223A,,478
,"Chocs Mécaniques liés à l'action des Vagues, Inondations et/ou Coulées de Boue, Mouvement de Terrain",11-01-2010,14-01-2010,IOCE1000718A,,475
,Sécheresse,11-01-2010,14-01-2010,IOCE1000719A,,476
,"Inondations et/ou Coulées de Boue, Mouvement de Terrain",10-12-2009,13-12-2009,IOCE0929932A,,473
,Sécheresse,10-12-2009,13-12-2009,IOCE0929935A,,474
,Sécheresse,10-11-2009,11-11-2009,IOCE0926749A,,471
,"Inondations et/ou Coulées de Boue, Mouvement de Terrain",10-11-2009,14-11-2009,IOCE0926748A,,472
,"Chocs Mécaniques liés à l'action des Vagues, Inondations et/ou Coulées de Boue, Inondations Remontée Nappe, Mouvement de Terrain, Sécheresse",16-10-2009,21-10-2009,IOCE0924271A,,468
,Sécheresse,16-10-2009,21-10-2009,IOCE0924280A,,469
,"Chocs Mécaniques liés à l'action des Vagues, Inondations et/ou Coulées de Boue, Mouvement de Terrain",16-10-2009,21-10-2009,IOCE0924293A,,470
,Sécheresse,14-08-2009,20-08-2009,IOCE0919397A,,466
,"Avalanche, Chocs Mécaniques liés à l'action des Vagues, Inondations et/ou Coulées de Boue, Inondations Remontée Nappe, Mouvement de Terrain",14-08-2009,20-08-2009,IOCE0919394A,,467
,Sécheresse,20-07-2009,23-07-2009,IOCE0916955A,,464
,"Chocs Mécaniques liés à l'action des Vagues, Inondations et/ou Coulées de Boue, Inondations Remontée Nappe, Mouvement de Terrain",20-07-2009,23-07-2009,IOCE0916951A,,465
,Sécheresse,25-06-2009,27-06-2009,IOCE0914627A,,462
,"Chocs Mécaniques liés à l'action des Vagues, Inondations et/ou Coulées de Boue, Inondations Remontée Nappe, Mouvement de Terrain",25-06-2009,01-07-2009,IOCE0914621A,,463
,"Chocs Mécaniques liés à l'action des Vagues, Inondations et/ou Coulées de Boue, Mouvement de Terrain",18-05-2009,21-05-2009,IOCE0911363A,,461
,"Avalanche, Chocs Mécaniques liés à l'action des Vagues, Inondations et/ou Coulées de Boue, Inondations Remontée Nappe, Mouvement de Terrain, Secousse Sismique",17-04-2009,22-04-2009,IOCE0908935A,,459
,Sécheresse,17-04-2009,22-04-2009,IOCE0908937A,,460
,"Avalanche, Inondations et/ou Coulées de Boue, Inondations Remontée Nappe, Secousse Sismique",13-03-2009,18-03-2009,IOCE0906139A,,457
,Sécheresse,13-03-2009,18-03-2009,IOCE0906141A,,458
,"Chocs Mécaniques liés à l'action des Vagues, Inondations et/ou Coulées de Boue, Inondations Remontée Nappe, Mouvement de Terrain",09-02-2009,13-02-2009,IOCE0903436A,,455
,Sécheresse,09-02-2009,13-02-2009,IOCE0903538A,,456
,"Chocs Mécaniques liés à l'action des Vagues, Inondations et/ou Coulées de Boue",28-01-2009,29-01-2009,IOCE0902322A,,454
,Inondations et/ou Coulées de Boue,24-12-2008,31-12-2008,IOCE0831273A,,453
,"Inondations et/ou Coulées de Boue, Inondations Remontée Nappe",05-12-2008,10-12-2008,IOCE0829053A,,451
,Sécheresse,05-12-2008,10-12-2008,IOCE0829054A,,452
,"Eruption Volcanique, Inondations et/ou Coulées de Boue, Inondations Remontée Nappe, Mouvement de Terrain",05-11-2008,07-11-2008,IOCE0826373A,,450
,"Inondations et/ou Coulées de Boue, Mouvement de Terrain",07-10-2008,10-10-2008,IOCE0823835A,,448
,Sécheresse,07-10-2008,10-10-2008,IOCE0823837A,,449
,"Chocs Mécaniques liés à l'action des Vagues, Inondations et/ou Coulées de Boue, Mouvement de Terrain",11-09-2008,16-09-2008,IOCE0821938A,,447
,Inondations et/ou Coulées de Boue,26-08-2008,27-08-2008,IOCE0820715A,,446
,"Chocs Mécaniques liés à l'action des Vagues, Inondations et/ou Coulées de Boue, Mouvement de Terrain",07-08-2008,13-08-2008,IOCE0819657A,,444
,Sécheresse,07-08-2008,13-08-2008,IOCE0819658A,,445
,"Chocs Mécaniques liés à l'action des Vagues, Inondations et/ou Coulées de Boue, Mouvement de Terrain, Secousse Sismique",26-06-2008,05-07-2008,IOCE0815767A,,442
,Sécheresse,26-06-2008,05-07-2008,IOCE0815769A,,443
,"Chocs Mécaniques liés à l'action des Vagues, Inondations et/ou Coulées de Boue, Mouvement de Terrain",11-06-2008,14-06-2008,IOCE0814198A,,440
,Sécheresse,11-06-2008,14-06-2008,IOCE0814202A,,441
,"Chocs Mécaniques liés à l'action des Vagues, Inondations et/ou Coulées de Boue, Mouvement de Terrain",15-05-2008,22-05-2008,IOCE0811912A,,438
,Sécheresse,15-05-2008,22-05-2008,IOCE0811914A,,439
,"Chocs Mécaniques liés à l'action des Vagues, Inondations et/ou Coulées de Boue, Inondations Remontée Nappe, Mouvement de Terrain",18-04-2008,23-04-2008,IOCE0810061A,,436
,Sécheresse,18-04-2008,23-04-2008,IOCE0810063A,,437
,"Chocs Mécaniques liés à l'action des Vagues, Inondations et/ou Coulées de Boue, Mouvement de Terrain, Secousse Sismique",31-03-2008,04-04-2008,IOCE0808037A,,434
,Sécheresse,31-03-2008,04-04-2008,IOCE0808038A,,435
,"Inondations et/ou Coulées de Boue, Secousse Sismique",20-02-2008,22-02-2008,IOCE0804632A,,432
,Sécheresse,20-02-2008,22-02-2008,IOCE0804637A,,433
,"Chocs Mécaniques liés à l'action des Vagues, Inondations et/ou Coulées de Boue, Mouvement de Terrain",10-01-2008,13-01-2008,IOCE0800746A,,430
,Sécheresse,10-01-2008,13-01-2008,IOCE0800750A,,431
,"Chocs Mécaniques liés à l'action des Vagues, Inondations et/ou Coulées de Boue, Inondations Remontée Nappe, Mouvement de Terrain",05-12-2007,08-12-2007,IOCE0772583A,,429
,"Inondations et/ou Coulées de Boue, Inondations Remontée Nappe, Mouvement de Terrain",22-11-2007,25-11-2007,IOCE0771383A,,428
,"Chocs Mécaniques liés à l'action des Vagues, Inondations et/ou Coulées de Boue, Vents Cycloniques",14-11-2007,16-11-2007,IOCE0770244A,,427
,"Chocs Mécaniques liés à l'action des Vagues, Inondations et/ou Coulées de Boue, Mouvement de Terrain, Secousse Sismique",18-10-2007,25-10-2007,IOCE0768747A,,425
,Sécheresse,18-10-2007,25-10-2007,IOCE0768751A,,426
,"Inondations et/ou Coulées de Boue, Inondations Remontée Nappe, Mouvement de Terrain, Secousse Sismique",27-07-2007,01-08-2007,IOCE0761915A,,423
,Sécheresse,27-07-2007,01-08-2007,IOCE0761939A,,424
,"Inondations et/ou Coulées de Boue, Inondations Remontée Nappe, Mouvement de Terrain",03-07-2007,10-07-2007,IOCE0759144A,,422
,"Inondations et/ou Coulées de Boue, Inondations Remontée Nappe, Mouvement de Terrain, Secousse Sismique",13-06-2007,15-06-2007,IOCE0755244A,,420
,"Inondations et/ou Coulées de Boue, Inondations Remontée Nappe, Mouvement de Terrain, Secousse Sismique",12-06-2007,14-06-2007,IOCE0756782A,,421
,"Inondations et/ou Coulées de Boue, Inondations Remontée Nappe, Mouvement de Terrain",24-04-2007,04-05-2007,INTE0752853A,,418
,Sécheresse,24-04-2007,04-05-2007,INTE0752869A,,419
,"Chocs Mécaniques liés à l'action des Vagues, Inondations et/ou Coulées de Boue, Vents Cycloniques",23-03-2007,28-03-2007,INTE0700250A,,415
,"Chocs Mécaniques liés à l'action des Vagues, Inondations et/ou Coulées de Boue, Mouvement de Terrain, Secousse Sismique",23-03-2007,01-04-2007,INTE0700193A,,416
,Sécheresse,23-03-2007,01-04-2007,INTE0700194A,,417
,Inondations et/ou Coulées de Boue,22-02-2007,10-03-2007,INTE0700065A,,413
,Sécheresse,22-02-2007,10-03-2007,INTE0700066A,,414
,Sécheresse,15-01-2007,25-01-2007,INTE0700036A,,411
,Inondations et/ou Coulées de Boue,15-01-2007,25-01-2007,INTE0700035A,,412
,"Inondations et/ou Coulées de Boue, Mouvement de Terrain",19-12-2006,04-01-2007,INTE0601033A,,410
,Sécheresse,01-12-2006,07-12-2006,INTE0600953A,,408
,Inondations et/ou Coulées de Boue,01-12-2006,08-12-2006,INTE0600952A,,409
,"Inondations et/ou Coulées de Boue, Inondations Remontée Nappe, Mouvement de Terrain, Secousse Sismique",10-11-2006,23-11-2006,INTE0600904A,,406
,Sécheresse,10-11-2006,23-11-2006,INTE0600905A,,407
,Inondations et/ou Coulées de Boue,03-08-2006,24-08-2006,INTE0600632A,,404
,Sécheresse,03-08-2006,24-08-2006,INTE0600633A,,405
,Sécheresse,27-07-2006,08-08-2006,INTE0600617A,,402
,"Inondations et/ou Coulées de Boue, Lave Torrentielle, Mouvement de Terrain",27-07-2006,08-08-2006,INTE0600618A,,403
,Sécheresse,16-06-2006,14-07-2006,INTE0600495A,,400
,"Chocs Mécaniques liés à l'action des Vagues, Inondations et/ou Coulées de Boue, Mouvement de Terrain",16-06-2006,14-07-2006,INTE0600494A,,401
,Sécheresse,05-05-2006,14-05-2006,INTE0600434A,,398
,"Inondations et/ou Coulées de Boue, Inondations Remontée Nappe, Mouvement de Terrain",05-05-2006,14-05-2006,INTE0600433A,,399
,"Avalanche, Inondations et/ou Coulées de Boue, Mouvement de Terrain",11-04-2006,22-04-2006,INTE0600186A,,397
,Sécheresse,30-03-2006,02-04-2006,INTE0600185A,,396
,"Inondations et/ou Coulées de Boue, Mouvement de Terrain",02-03-2006,11-03-2006,INTE0600133A,,394
,Sécheresse,02-03-2006,11-03-2006,INTE0600132A,,395
,"Inondations et/ou Coulées de Boue, Mouvement de Terrain",16-02-2006,28-02-2006,INTE0600098A,,393
,Sécheresse,06-02-2006,14-02-2006,INTE0600097A,,392
,Sécheresse,09-01-2006,22-01-2006,INTE0500891A,,390
,Sécheresse,09-01-2006,22-01-2006,INTE0600037A,,391
,"Inondations et/ou Coulées de Boue, Lave Torrentielle",03-01-2006,10-01-2006,INTE0600004A,,389
,Sécheresse,20-12-2005,31-12-2005,INTE0500892A,,388
,"Inondations et/ou Coulées de Boue, Mouvement de Terrain",16-12-2005,30-12-2005,INTE0500890A,,387
,Sécheresse,22-11-2005,13-12-2005,INTE0500808A,,385
,Sécheresse,22-11-2005,16-12-2005,INTE0500809A,,386
,Inondations et/ou Coulées de Boue,08-11-2005,24-11-2005,INTE0500741A,,383
,Inondations et/ou Coulées de Boue,08-11-2005,24-11-2005,INTE0500742A,,384
,Inondations et/ou Coulées de Boue,10-10-2005,14-10-2005,INTE0500698A,,382
,"Inondations et/ou Coulées de Boue, Mouvement de Terrain",06-10-2005,14-10-2005,INTE0500697A,,381
,"Chocs Mécaniques liés à l'action des Vagues, Inondations et/ou Coulées de Boue, Mouvement de Terrain",23-09-2005,08-10-2005,INTE0500537A,,380
,"Inondations et/ou Coulées de Boue, Secousse Sismique",02-08-2005,10-08-2005,INTE0500532A,,378
,"Chocs Mécaniques liés à l'action des Vagues, Inondations et/ou Coulées de Boue, Mouvement de Terrain, Secousse Sismique",02-08-2005,10-08-2005,INTE0500534A,,379
,Sécheresse,27-05-2005,31-05-2005,INTE0500170A,,375
,Sécheresse,27-05-2005,31-05-2005,INTE0500218A,,376
,Sécheresse,27-05-2005,31-05-2005,INTE0500305A,,377
,"Inondations et/ou Coulées de Boue, Mouvement de Terrain",16-05-2005,31-05-2005,INTE0500304A,,374
,"Chocs Mécaniques liés à l'action des Vagues, Inondations et/ou Coulées de Boue, Inondations Remontée Nappe, Secousse Sismique",29-04-2005,18-05-2005,INTE0500217A,,373
,"Inondations et/ou Coulées de Boue, Sécheresse",15-04-2005,23-04-2005,INTE0500053A,,366
,"Inondations et/ou Coulées de Boue, Mouvement de Terrain, Raz de Marée, Secousse Sismique",15-04-2005,03-05-2005,INTE0500145A,,372
,"Inondations et/ou Coulées de Boue, Inondations Remontée Nappe, Mouvement de Terrain",04-02-2005,20-02-2005,INTE0500064A,,365
,"Inondations et/ou Coulées de Boue, Secousse Sismique",11-01-2005,15-01-2005,INTE0400911A,,358
,"Inondations et/ou Coulées de Boue, Mouvement de Terrain",11-01-2005,15-01-2005,INTE0400864A,,359
,"Inondations et/ou Coulées de Boue, Mouvement de Terrain, Secousse Sismique",11-01-2005,15-01-2005,INTE0400802A,,360
,"Chocs Mécaniques liés à l'action des Vagues, Inondations et/ou Coulées de Boue, Inondations Remontée Nappe, Mouvement de Terrain, Secousse Sismique",11-01-2005,15-01-2005,INTE0400697A,,361
,"Chocs Mécaniques liés à l'action des Vagues, Inondations et/ou Coulées de Boue, Inondations Remontée Nappe, Mouvement de Terrain, Secousse Sismique",11-01-2005,15-01-2005,INTE0400775A,,362
,Sécheresse,11-01-2005,01-02-2005,INTE0400918A,,363
,"Inondations et/ou Coulées de Boue, Mouvement de Terrain",11-01-2005,01-02-2005,INTE0500017A,,364
,Sécheresse,25-08-2004,26-08-2004,INTE0400656A,,289
,"Inondations et/ou Coulées de Boue, Mouvement de Terrain",13-08-2004,17-08-2004,INTE0400513A,,288
,"Inondations et/ou Coulées de Boue, Inondations Remontée Nappe, Mouvement de Terrain, Sécheresse",15-06-2004,07-07-2004,INTE0400472A,,286
,"Chocs Mécaniques liés à l'action des Vagues, Inondations et/ou Coulées de Boue, Inondations Remontée Nappe, Mouvement de Terrain",21-05-2004,09-06-2004,INTE0400285A,,37
,"Chocs Mécaniques liés à l'action des Vagues, Inondations et/ou Coulées de Boue, Inondations Remontée Nappe, Mouvement de Terrain, Sécheresse",11-05-2004,23-05-2004,INTE0400220A,,285
,"Chocs Mécaniques liés à l'action des Vagues, Inondations et/ou Coulées de Boue, Inondations Remontée Nappe, Mouvement de Terrain, Secousse Sismique",05-03-2004,20-03-2004,INTE0400157A,,277
,"Inondations et/ou Coulées de Boue, Inondations Remontée Nappe, Mouvement de Terrain, Sécheresse",05-02-2004,26-02-2004,INTE0400080A,,282
,Inondations et/ou Coulées de Boue,27-01-2004,13-02-2004,INTE0400018A,,287
,"Inondations et/ou Coulées de Boue, Inondations Remontée Nappe, Mouvement de Terrain",19-12-2003,20-12-2003,INTE0300789A,,284
,Inondations et/ou Coulées de Boue,12-12-2003,13-12-2003,INTE0300740A,,283
,"Inondations et/ou Coulées de Boue, Inondations Remontée Nappe, Mouvement de Terrain, Sécheresse, Secousse Sismique",03-12-2003,20-12-2003,INTE0300708A,,261
,Sécheresse,02-12-2003,12-12-2003,INTE0300726A,,281
,"Inondations et/ou Coulées de Boue, Mouvement de Terrain, Secousse Sismique",17-11-2003,30-11-2003,INTE0300648A,,280
,Sécheresse,28-10-2003,14-11-2003,INTE0300575A,,251
,"Inondations et/ou Coulées de Boue, Inondations Remontée Nappe, Mouvement de Terrain, Sécheresse, Secousse Sismique",03-10-2003,19-10-2003,INTE0300592A,,276
,Sécheresse,07-08-2003,17-08-2003,INTE0300480A,,279
,"Chocs Mécaniques liés à l'action des Vagues, Inondations et/ou Coulées de Boue, Mouvement de Terrain, Secousse Sismique",29-07-2003,02-08-2003,INTE0300415A,,275
,Sécheresse,08-07-2003,26-07-2003,INTE0300377A,,278
,"Inondations et/ou Coulées de Boue, Inondations Remontée Nappe, Mouvement de Terrain, Secousse Sismique",26-06-2003,27-06-2003,INTE0300360A,,272
,"Inondations et/ou Coulées de Boue, Inondations Remontée Nappe, Mouvement de Terrain, Sécheresse, Secousse Sismique",19-06-2003,27-06-2003,INTE0300301A,,250
,"Avalanche, Chocs Mécaniques liés à l'action des Vagues, Inondations et/ou Coulées de Boue, Inondations Remontée Nappe, Mouvement de Terrain, Sécheresse",30-04-2003,22-05-2003,INTE0300234A,,271
,"Inondations et/ou Coulées de Boue, Inondations Remontée Nappe, Mouvement de Terrain",02-04-2003,18-04-2003,INTE0300183A,,252
,"Inondations et/ou Coulées de Boue, Mouvement de Terrain, Sécheresse",24-02-2003,09-03-2003,INTE0300095A,,268
,"Inondations et/ou Coulées de Boue, Mouvement de Terrain",23-01-2003,07-02-2003,INTE0300039A,,274
,"Inondations et/ou Coulées de Boue, Inondations Remontée Nappe, Mouvement de Terrain",17-01-2003,24-01-2003,INTE0200700A,,270
,"Inondations et/ou Coulées de Boue, Inondations Remontée Nappe, Mouvement de Terrain, Sécheresse",17-12-2002,08-01-2003,INTE0200650A,,263
,"Inondations et/ou Coulées de Boue, Inondations Remontée Nappe, Mouvement de Terrain, Sécheresse",29-10-2002,09-11-2002,INTE0200563A,,238
,"Inondations et/ou Coulées de Boue, Inondations Remontée Nappe, Mouvement de Terrain",29-10-2002,10-11-2002,INTE0200571A,,266
,Inondations et/ou Coulées de Boue,19-09-2002,20-09-2002,INTE0200523A,,269
,Inondations et/ou Coulées de Boue,06-09-2002,12-09-2002,INTE0200491A,,259
,"Chocs Mécaniques liés à l'action des Vagues, Inondations et/ou Coulées de Boue, Inondations Remontée Nappe, Mouvement de Terrain, Sécheresse",01-08-2002,22-08-2002,INTE0200389A,,257
,"Inondations et/ou Coulées de Boue, Inondations Remontée Nappe, Mouvement de Terrain",01-08-2002,23-08-2002,INTE0200414A,,262
,"Inondations et/ou Coulées de Boue, Inondations Remontée Nappe, Mouvement de Terrain",04-07-2002,24-07-2002,INTE0200274A,,254
,"Inondations et/ou Coulées de Boue, Inondations Remontée Nappe, Mouvement de Terrain, Sécheresse",30-04-2002,05-05-2002,INTE0200208A,,267
,"Inondations et/ou Coulées de Boue, Inondations Remontée Nappe, Mouvement de Terrain",26-04-2002,05-05-2002,INTE0200199A,,247
,"Chocs Mécaniques liés à l'action des Vagues, Inondations et/ou Coulées de Boue, Mouvement de Terrain, Vents Cycloniques",08-04-2002,18-04-2002,INTE0200152A,,265
,"Inondations et/ou Coulées de Boue, Mouvement de Terrain, Sécheresse",12-03-2002,28-03-2002,INTE0200119A,,214
,Inondations et/ou Coulées de Boue,12-03-2002,17-03-2002,INTE0200088A,,260
,"Chocs Mécaniques liés à l'action des Vagues, Inondations et/ou Coulées de Boue, Inondations Remontée Nappe, Mouvement de Terrain",27-02-2002,16-03-2002,INTE0200080A,,245
,"Inondations et/ou Coulées de Boue, Inondations Remontée Nappe, Mouvement de Terrain, Vents Cycloniques",05-02-2002,08-02-2002,INTE0200056A,,264
,"Inondations et/ou Coulées de Boue, Inondations Remontée Nappe, Mouvement de Terrain",23-01-2002,09-02-2002,INTE0200011A,,242
,"Chocs Mécaniques liés à l'action des Vagues, Inondations et/ou Coulées de Boue, Inondations Remontée Nappe, Mouvement de Terrain, Sécheresse",27-12-2001,18-01-2002,INTE0100760A,,249
,"Chocs Mécaniques liés à l'action des Vagues, Inondations et/ou Coulées de Boue, Inondations Remontée Nappe, Mouvement de Terrain",03-12-2001,19-12-2001,INTE0100678A,,258
,"Inondations et/ou Coulées de Boue, Inondations Remontée Nappe, Mouvement de Terrain, Sécheresse",15-11-2001,01-12-2001,INTE0100649A,,21
,Inondations et/ou Coulées de Boue,15-11-2001,25-11-2001,INTE0100634A,,256
,Sécheresse,09-10-2001,04-11-2001,INTE0100576A,,253
,"Inondations et/ou Coulées de Boue, Inondations Remontée Nappe",09-10-2001,27-10-2001,INTE0100523A,,255
,"Chocs Mécaniques liés à l'action des Vagues, Inondations et/ou Coulées de Boue, Inondations Remontée Nappe, Mouvement de Terrain, Sécheresse",29-08-2001,26-09-2001,INTE0100513A,,240
,Inondations et/ou Coulées de Boue,06-08-2001,11-08-2001,INTE0100460A,,246
,"Inondations et/ou Coulées de Boue, Inondations Remontée Nappe, Mouvement de Terrain",19-07-2001,29-07-2001,INTE0100415A,,233
,"Inondations et/ou Coulées de Boue, Inondations Remontée Nappe, Mouvement de Terrain, Sécheresse",06-07-2001,18-07-2001,INTE0100409A,,248
,"Inondations et/ou Coulées de Boue, Inondations Remontée Nappe, Mouvement de Terrain",29-05-2001,14-06-2001,INTE0100227A,,126
,Sécheresse,29-05-2001,06-06-2001,INTE0100304A,,237
,"Inondations et/ou Coulées de Boue, Inondations Remontée Nappe, Mouvement de Terrain",27-04-2001,28-04-2001,INTE0100232A,,244
,"Inondations et/ou Coulées de Boue, Inondations Remontée Nappe",26-04-2001,27-04-2001,INTE0100225A,,243
,"Chocs Mécaniques liés à l'action des Vagues, Inondations et/ou Coulées de Boue, Mouvement de Terrain",03-04-2001,22-04-2001,INTE0100178A,,241
,"Chocs Mécaniques liés à l'action des Vagues, Inondations et/ou Coulées de Boue, Mouvement de Terrain",06-03-2001,23-03-2001,INTE0100107A,,225
,Inondations et/ou Coulées de Boue,12-02-2001,23-02-2001,INTE0100059A,,239
,"Inondations et/ou Coulées de Boue, Mouvement de Terrain",12-02-2001,23-02-2001,INTE0100048A,,357
,"Inondations et/ou Coulées de Boue, Mouvement de Terrain, Sécheresse",27-12-2000,29-12-2000,INTE0000771A,,234
,Inondations et/ou Coulées de Boue,21-12-2000,22-12-2000,INTE0000791A,,235
,"Inondations et/ou Coulées de Boue, Mouvement de Terrain",19-12-2000,29-12-2000,INTE0000770A,,236
,"Effondrement et/ou Affaisement, Inondations et/ou Coulées de Boue, Mouvement de Terrain",30-11-2000,17-12-2000,INTE0000693A,,232
,"Eboulement et/ou Chute de Blocs, Effondrement et/ou Affaisement, Inondations et/ou Coulées de Boue, Inondations Remontée Nappe",06-11-2000,22-11-2000,INTE0000626A,,230
,"Chocs Mécaniques liés à l'action des Vagues, Inondations et/ou Coulées de Boue",25-10-2000,15-11-2000,INTE0000591A,,231
,"Chocs Mécaniques liés à l'action des Vagues, Inondations et/ou Coulées de Boue, Mouvement de Terrain",25-09-2000,07-10-2000,INTE0000522A,,229
,"Inondations et/ou Coulées de Boue, Mouvement de Terrain",03-08-2000,23-08-2000,INTE0000391A,,228
,"Glissement de Terrain, Inondations et/ou Coulées de Boue, Mouvement de Terrain",21-07-2000,01-08-2000,INTE0000364A,,227
,Inondations et/ou Coulées de Boue,14-06-2000,21-06-2000,INTE0000309A,,226
,Mouvement de Terrain,08-06-2000,23-06-2000,INTE0000279A,,290
,"Chocs Mécaniques liés à l'action des Vagues, Inondations et/ou Coulées de Boue, Mouvement de Terrain",06-06-2000,23-06-2000,INTE0000278A,,224
,Inondations et/ou Coulées de Boue,17-05-2000,04-06-2000,INTE0000242A,,223
,"Chocs Mécaniques liés à l'action des Vagues, Glissement de Terrain, Inondations et/ou Coulées de Boue, Mouvement de Terrain",02-05-2000,19-05-2000,INTE0000225A,,215
,"Inondations et/ou Coulées de Boue, Mouvement de Terrain",14-04-2000,28-04-2000,INTE0000173A,,222
,"Chocs Mécaniques liés à l'action des Vagues, Inondations et/ou Coulées de Boue, Mouvement de Terrain",03-03-2000,19-03-2000,INTE0000117A,,221
,Chocs Mécaniques liés à l'action des Vagues,14-02-2000,03-03-2000,INTE0000044A,,219
,Inondations et/ou Coulées de Boue,07-02-2000,26-02-2000,INTE0000045A,,220
,"Glissement de Terrain, Inondations et/ou Coulées de Boue, Mouvement de Terrain",28-01-2000,11-02-2000,INTE9900614A,,217
,"Chocs Mécaniques liés à l'action des Vagues, Inondations et/ou Coulées de Boue, Mouvement de Terrain",29-12-1999,30-12-1999,INTE9900627A,,218
,"Avalanche, Chocs Mécaniques liés à l'action des Vagues, Glissement de Terrain, Inondations et/ou Coulées de Boue, Inondations Remontée Nappe",29-11-1999,04-12-1999,INTE9900488A,,212
,"Inondations et/ou Coulées de Boue, Mouvement de Terrain",17-11-1999,18-11-1999,INTE9900544A,,216
,"Avalanche, Eboulement et/ou Chute de Blocs, Effondrement et/ou Affaisement, Inondations et/ou Coulées de Boue, Secousse Sismique",29-09-1999,20-10-1999,INTE9900444A,,197
,"Avalanche, Inondations et/ou Coulées de Boue, Sécheresse, Secousse Sismique",21-07-1999,24-08-1999,INTE9900346A,,213
,"Avalanche, Glissement de Terrain, Inondations et/ou Coulées de Boue, Mouvement de Terrain, Sécheresse, Secousse Sismique",22-06-1999,14-07-1999,INTE9900304A,,211
,"Avalanche, Effondrement et/ou Affaisement, Inondations et/ou Coulées de Boue, Mouvement de Terrain, Sécheresse",19-05-1999,05-06-1999,INTE9900216A,,210
,"Effondrement et/ou Affaisement, Inondations et/ou Coulées de Boue, Mouvement de Terrain, Sécheresse",16-04-1999,02-05-1999,INTE9900161A,,200
,Inondations et/ou Coulées de Boue,14-04-1999,02-05-1999,INTE9900148A,,209
,"Avalanche, Eboulement et/ou Chute de Blocs, Effondrement et/ou Affaisement, Inondations et/ou Coulées de Boue, Mouvement de Terrain, Sécheresse",19-03-1999,03-04-1999,INTE9900124A,,201
,Inondations et/ou Coulées de Boue,05-03-1999,24-03-1999,INTE9900088A,,207
,"Eboulement et/ou Chute de Blocs, Inondations et/ou Coulées de Boue, Sécheresse",23-02-1999,10-03-1999,INTE9900087A,,208
,"Eboulement et/ou Chute de Blocs, Effondrement et/ou Affaisement, Glissement de Terrain, Inondations et/ou Coulées de Boue, Sécheresse",21-01-1999,05-02-1999,INTE9900026A,,206
,"Effondrement et/ou Affaisement, Glissement de Terrain, Inondations et/ou Coulées de Boue, Sécheresse",29-12-1998,13-01-1999,INTE9800515A,,205
,"Glissement de Terrain, Inondations et/ou Coulées de Boue, Sécheresse",19-11-1998,11-12-1998,INTE9800443A,,202
,"Effondrement et/ou Affaisement, Glissement de Terrain, Inondations et/ou Coulées de Boue, Mouvement de Terrain, Sécheresse",22-10-1998,13-11-1998,INTE9800404A,,204
,"Eboulement et/ou Chute de Blocs, Effondrement et/ou Affaisement, Glissement de Terrain, Inondations et/ou Coulées de Boue, Sécheresse",18-09-1998,03-10-1998,INTE9800356A,,203
,"Chocs Mécaniques liés à l'action des Vagues, Eboulement et/ou Chute de Blocs, Effondrement et/ou Affaisement, Glissement de Terrain, Inondations et/ou Coulées de Boue, Sécheresse",10-08-1998,22-08-1998,INTE9800324A,,196
,"Eboulement et/ou Chute de Blocs, Effondrement et/ou Affaisement, Glissement de Terrain, Inondations et/ou Coulées de Boue, Sécheresse",15-07-1998,29-07-1998,INTE9800288A,,199
,"Avalanche, Effondrement et/ou Affaisement, Glissement de Terrain, Inondations et/ou Coulées de Boue, Sécheresse",12-06-1998,01-07-1998,INTE9800231A,,194
,"Chocs Mécaniques liés à l'action des Vagues, Coulée de Boue, Eboulement et/ou Chute de Blocs, Glissement de Terrain, Inondations et/ou Coulées de Boue, Mouvement de Terrain, Sécheresse",26-05-1998,11-06-1998,INTE9800200A,,198
,"Chocs Mécaniques liés à l'action des Vagues, Coulée de Boue, Eboulement et/ou Chute de Blocs, Effondrement et/ou Affaisement, Glissement de Terrain, Inondations et/ou Coulées de Boue, Mouvement de Terrain, Sécheresse, Secousse Sismique",09-04-1998,23-04-1998,INTE9800135A,,195
,"Chocs Mécaniques liés à l'action des Vagues, Eboulement et/ou Chute de Blocs, Effondrement et/ou Affaisement, Glissement de Terrain, Inondations et/ou Coulées de Boue, Mouvement de Terrain, Sécheresse, Secousse Sismique",12-03-1998,28-03-1998,INTE9800067A,,188
,"Chocs Mécaniques liés à l'action des Vagues, Coulée de Boue, Effondrement et/ou Affaisement, Inondations et/ou Coulées de Boue, Lave Torrentielle, Sécheresse",02-02-1998,18-02-1998,INTE9800027A,,190
,Inondations et/ou Coulées de Boue,23-12-1997,03-01-1998,INTE9700557A,,192
,"Eboulement et/ou Chute de Blocs, Effondrement et/ou Affaisement, Glissement de Terrain, Inondations et/ou Coulées de Boue, Lave Torrentielle, Sécheresse",17-12-1997,30-12-1997,INTE9700555A,,193
,Inondations et/ou Coulées de Boue,09-11-1997,30-11-1997,INTE9700485A,,191
,"Eboulement et/ou Chute de Blocs, Effondrement et/ou Affaisement, Glissement de Terrain, Inondations et/ou Coulées de Boue, Inondations Remontée Nappe, Sécheresse, Secousse Sismique",03-11-1997,16-11-1997,INTE9700484A,,187
,"Chocs Mécaniques liés à l'action des Vagues, Eboulement et/ou Chute de Blocs, Effondrement et/ou Affaisement, Glissement de Terrain, Inondations et/ou Coulées de Boue, Sécheresse, Secousse Sismique",19-09-1997,11-10-1997,INTE9700395A,,189
,"Avalanche, Chocs Mécaniques liés à l'action des Vagues, Eboulement et/ou Chute de Blocs, Effondrement et/ou Affaisement, Glissement de Terrain, Inondations et/ou Coulées de Boue, Mouvement de Terrain, Sécheresse, Secousse Sismique",08-07-1997,19-07-1997,INTE9700269A,,186
,Inondations et/ou Coulées de Boue,01-07-1997,09-07-1997,INTE9700281A,,185
,"Glissement de Terrain, Inondations et/ou Coulées de Boue, Sécheresse",28-05-1997,01-06-1997,INTE9700212A,,184
,"Avalanche, Eboulement et/ou Chute de Blocs, Effondrement et/ou Affaisement, Glissement de Terrain, Inondations et/ou Coulées de Boue, Sécheresse, Secousse Sismique",12-05-1997,25-05-1997,INTE9700188A,,181
,"Avalanche, Eboulement et/ou Chute de Blocs, Glissement de Terrain, Inondations et/ou Coulées de Boue, Sécheresse, Secousse Sismique",24-03-1997,12-04-1997,INTE9700100A,,178
,"Glissement de Terrain, Inondations et/ou Coulées de Boue, Sécheresse, Secousse Sismique",11-02-1997,23-02-1997,INTE9700056A,,183
,"Chocs Mécaniques liés à l'action des Vagues, Glissement de Terrain, Inondations et/ou Coulées de Boue, Sécheresse, Secousse Sismique",21-01-1997,05-02-1997,INTE9600559A,,182
,Inondations et/ou Coulées de Boue,23-12-1996,09-01-1997,INTE9600523A,,179
,"Eboulement et/ou Chute de Blocs, Effondrement et/ou Affaisement, Glissement de Terrain, Inondations et/ou Coulées de Boue, Sécheresse, Secousse Sismique",09-12-1996,20-12-1996,INTE9600522A,,180
,Inondations et/ou Coulées de Boue,03-10-1996,17-10-1996,INTE9600422A,,176
,"Chocs Mécaniques liés à l'action des Vagues, Eboulement et/ou Chute de Blocs, Effondrement et/ou Affaisement, Glissement de Terrain, Glissement et Eboulement Rocheux, Inondations et/ou Coulées de Boue, Mouvement de Terrain, Sécheresse, Secousse Sismique",01-10-1996,17-10-1996,INTE9600421A,,177
,"Chocs Mécaniques liés à l'action des Vagues, Effondrement et/ou Affaisement, Glissement de Terrain, Inondations et/ou Coulées de Boue, Mouvement de Terrain, Sécheresse, Secousse Sismique",17-07-1996,04-09-1996,INTE9600301A,,174
,Inondations et/ou Coulées de Boue,04-07-1996,17-07-1996,INTE9600278A,,175
,"Chocs Mécaniques liés à l'action des Vagues, Eboulement et/ou Chute de Blocs, Effondrement et/ou Affaisement, Glissement de Terrain, Inondations et/ou Coulées de Boue, Inondations Remontée Nappe, Mouvement de Terrain, Sécheresse",17-06-1996,09-07-1996,INTE9600255A,,173
,"Chocs Mécaniques liés à l'action des Vagues, Eboulement et/ou Chute de Blocs, Inondations et/ou Coulées de Boue, Inondations Remontée Nappe, Mouvement de Terrain, Sécheresse, Secousse Sismique",03-04-1996,17-04-1996,INTE9600137A,,168
,"Chocs Mécaniques liés à l'action des Vagues, Eboulement et/ou Chute de Blocs, Effondrement et/ou Affaisement, Glissement de Terrain, Inondations et/ou Coulées de Boue, Mouvement de Terrain, Sécheresse",18-03-1996,17-04-1996,INTE9600091A,,133
,Inondations et/ou Coulées de Boue,20-02-1996,23-03-1996,INTE9600038A,,172
,Inondations et/ou Coulées de Boue,02-02-1996,03-02-1996,INTE9600054A,,170
,"Avalanche, Chocs Mécaniques liés à l'action des Vagues, Eboulement et/ou Chute de Blocs, Inondations et/ou Coulées de Boue, Inondations Remontée Nappe, Mouvement de Terrain, Sécheresse",02-02-1996,14-02-1996,INTE9600039A,,171
,"Eboulement et/ou Chute de Blocs, Effondrement et/ou Affaisement, Glissement de Terrain, Inondations et/ou Coulées de Boue, Mouvement de Terrain, Sécheresse, Secousse Sismique",08-01-1996,28-01-1996,INTE9500748A,,169
,"Eboulement et/ou Chute de Blocs, Effondrement et/ou Affaisement, Glissement de Terrain, Inondations et/ou Coulées de Boue, Inondations Remontée Nappe, Mouvement de Terrain, Sécheresse, Secousse Sismique",26-12-1995,07-01-1996,INTE9500699A,,167
,"Chocs Mécaniques liés à l'action des Vagues, Inondations et/ou Coulées de Boue, Mouvement de Terrain",06-11-1995,10-12-1995,INTE9500588A,,166
,"Avalanche, Eboulement et/ou Chute de Blocs, Effondrement et/ou Affaisement, Inondations et/ou Coulées de Boue, Inondations Remontée Nappe, Mouvement de Terrain, Sécheresse, Secousse Sismique",24-10-1995,31-10-1995,INTE9500587A,,164
,"Eboulement et/ou Chute de Blocs, Effondrement et/ou Affaisement, Glissement de Terrain, Inondations et/ou Coulées de Boue, Inondations Remontée Nappe, Mouvement de Terrain, Sécheresse",28-09-1995,15-10-1995,INTE9500497A,,160
,"Chocs Mécaniques liés à l'action des Vagues, Inondations et/ou Coulées de Boue, Mouvement de Terrain",19-09-1995,23-09-1995,INTE9500510A,,165
,"Effondrement et/ou Affaisement, Glissement de Terrain, Inondations et/ou Coulées de Boue, Inondations Remontée Nappe, Mouvement de Terrain, Sécheresse, Secousse Sismique",18-08-1995,08-09-1995,INTE9500410A,,159
,"Glissement de Terrain, Inondations et/ou Coulées de Boue, Inondations Remontée Nappe, Mouvement de Terrain, Sécheresse, Secousse Sismique",28-07-1995,09-09-1995,INTE9500338A,,157
,"Eboulement et/ou Chute de Blocs, Effondrement et/ou Affaisement, Glissement de Terrain, Inondations et/ou Coulées de Boue, Inondations Remontée Nappe, Mouvement de Terrain, Sécheresse, Secousse Sismique",18-07-1995,03-08-1995,INTE9500304A,,163
,"Eboulement et/ou Chute de Blocs, Effondrement et/ou Affaisement, Glissement de Terrain, Inondations et/ou Coulées de Boue, Inondations Remontée Nappe, Mouvement de Terrain, Sécheresse, Secousse Sismique",03-05-1995,07-05-1995,INTE9500219A,,150
,"Eboulement et/ou Chute de Blocs, Glissement de Terrain, Inondations et/ou Coulées de Boue, Mouvement de Terrain",20-04-1995,06-05-1995,INTE9500169A,,156
,"Avalanche, Eboulement et/ou Chute de Blocs, Effondrement et/ou Affaisement, Glissement de Terrain, Inondations et/ou Coulées de Boue, Mouvement de Terrain, Sécheresse",03-03-1995,17-03-1995,INTE9500104A,,158
,"Effondrement et/ou Affaisement, Glissement de Terrain, Inondations et/ou Coulées de Boue",21-02-1995,24-02-1995,INTE9500103A,,162
,Inondations et/ou Coulées de Boue,06-02-1995,08-02-1995,INTE9500070A,,161
,"Glissement de Terrain, Inondations et/ou Coulées de Boue, Mouvement de Terrain, Sécheresse",12-01-1995,31-01-1995,INTE9400642A,,155
,Inondations et/ou Coulées de Boue,06-12-1994,17-12-1994,INTE9400582A,,154
,Inondations et/ou Coulées de Boue,24-11-1994,02-12-1994,INTE9400581A,,153
,Inondations et/ou Coulées de Boue,21-11-1994,25-11-1994,INTE9400580A,,152
,"Avalanche, Glissement de Terrain, Inondations et/ou Coulées de Boue, Mouvement de Terrain, Sécheresse",15-11-1994,24-11-1994,INTE9400539A,,151
,"Glissement de Terrain, Inondations et/ou Coulées de Boue, Mouvement de Terrain, Sécheresse",28-10-1994,20-11-1994,INTE9400502A,,149
,"Glissement de Terrain, Inondations et/ou Coulées de Boue, Mouvement de Terrain, Sécheresse",08-09-1994,25-09-1994,INTE9400424A,,147
,"Avalanche, Glissement de Terrain, Inondations et/ou Coulées de Boue, Mouvement de Terrain",06-09-1994,25-09-1994,INTE9400373A,,148
,Secousse Sismique,29-07-1994,10-08-1994,INTE9400330A,,146
,"Glissement de Terrain, Inondations et/ou Coulées de Boue, Mouvement de Terrain, Sécheresse",30-06-1994,09-07-1994,INTE9400331A,,122
,Inondations et/ou Coulées de Boue,29-06-1994,30-06-1994,INTE9400340A,,145
,"Glissement de Terrain, Inondations et/ou Coulées de Boue, Mouvement de Terrain",06-06-1994,25-06-1994,INTE9400269A,,144
,Inondations et/ou Coulées de Boue,30-05-1994,12-06-1994,INTE9400219A,,142
,"Glissement de Terrain, Inondations et/ou Coulées de Boue, Mouvement de Terrain, Sécheresse, Secousse Sismique",27-05-1994,10-06-1994,INTE9400220A,,143
,"Avalanche, Glissement de Terrain, Inondations et/ou Coulées de Boue, Mouvement de Terrain",12-04-1994,29-04-1994,INTE9400171A,,140
,Inondations et/ou Coulées de Boue,12-04-1994,23-04-1994,INTE9400172A,,141
,"Glissement de Terrain, Glissement et Effondrement de Terrain, Inondations et/ou Coulées de Boue, Mouvement de Terrain, Sécheresse",08-03-1994,24-03-1994,INTE9400127A,,131
,"Avalanche, Glissement de Terrain, Inondations et/ou Coulées de Boue",02-02-1994,18-02-1994,INTE9400065A,,81
,Inondations et/ou Coulées de Boue,27-01-1994,11-02-1994,INTE9400003A,,132
,"Glissement de Terrain, Inondations et/ou Coulées de Boue",26-01-1994,10-02-1994,INTE9400046A,,139
,Inondations et/ou Coulées de Boue,11-01-1994,15-01-1994,INTE9400004A,,138
,"Glissement de Terrain, Inondations et/ou Coulées de Boue, Mouvement de Terrain, Sécheresse",05-01-1994,21-01-1994,INTE9300703A,,137
,"Glissement de Terrain, Inondations et/ou Coulées de Boue, Mouvement de Terrain",14-12-1993,30-12-1993,INTE9300667A,,136
,"Glissement de Terrain, Mouvement de Terrain, Sécheresse",06-12-1993,28-12-1993,INTE9300656A,,135
,"Glissement de Terrain, Glissement et Effondrement de Terrain, Inondations et/ou Coulées de Boue, Mouvement de Terrain",29-11-1993,15-12-1993,INTE9300655A,,134
,"Glissement de Terrain, Inondations et/ou Coulées de Boue, Mouvement de Terrain",26-10-1993,03-12-1993,INTE9300602A,,130
,Inondations et/ou Coulées de Boue,19-10-1993,24-10-1993,INTE9300601A,,129
,Inondations et/ou Coulées de Boue,11-10-1993,12-10-1993,INTE9300574A,,127
,"Chocs Mécaniques liés à l'action des Vagues, Glissement de Terrain, Inondations et/ou Coulées de Boue",07-10-1993,24-10-1993,INTE9300537A,,128
,"Glissement de Terrain, Inondations et/ou Coulées de Boue, Mouvement de Terrain",28-09-1993,10-10-1993,INTE9300513A,,125
,"Inondations et/ou Coulées de Boue, Mouvement de Terrain, Sécheresse",06-09-1993,19-09-1993,INTE9300469A,,123
,"Glissement de Terrain, Glissement et Effondrement de Terrain, Inondations et/ou Coulées de Boue, Mouvement de Terrain, Sécheresse",20-08-1993,03-09-1993,INTE9300412A,,117
,"Inondations et/ou Coulées de Boue, Sécheresse",16-08-1993,03-09-1993,INTE9300372A,,124
,"Avalanche, Glissement de Terrain, Inondations et/ou Coulées de Boue",23-06-1993,08-07-1993,INTE9300315A,,119
,Inondations et/ou Coulées de Boue,14-06-1993,27-06-1993,INTE9300316A,,121
,"Chocs Mécaniques liés à l'action des Vagues, Glissement de Terrain, Inondations et/ou Coulées de Boue, Mouvement de Terrain, Sécheresse, Secousse Sismique",18-05-1993,12-06-1993,INTE9300213A,,115
,"Chocs Mécaniques liés à l'action des Vagues, Glissement de Terrain, Inondations et/ou Coulées de Boue, Mouvement de Terrain",19-03-1993,28-03-1993,INTE9300148A,,120
,"Chocs Mécaniques liés à l'action des Vagues, Inondations et/ou Coulées de Boue",04-02-1993,27-02-1993,INTE9300038A,,116
,"Glissement de Terrain, Inondations et/ou Coulées de Boue, Mouvement de Terrain, Sécheresse",25-01-1993,07-02-1993,INTE9300001A,,118
,"Inondations et/ou Coulées de Boue, Mouvement de Terrain, Sécheresse",24-12-1992,16-01-1993,INTE9200533A,,108
,"Inondations et/ou Coulées de Boue, Mouvement de Terrain, Sécheresse",06-11-1992,18-11-1992,INTE9200495A,,114
,Inondations et/ou Coulées de Boue,28-10-1992,01-11-1992,INTE9200492A,,112
,"Avalanche, Glissement de Terrain, Inondations et/ou Coulées de Boue, Mouvement de Terrain, Sécheresse",20-10-1992,05-11-1992,INTE9200482A,,113
,"Glissement de Terrain, Inondations et/ou Coulées de Boue, Mouvement de Terrain, Sécheresse",16-10-1992,17-10-1992,INTE9200474A,,92
,Inondations et/ou Coulées de Boue,12-10-1992,13-10-1992,INTE9200465A,,111
,"Glissement de Terrain, Inondations et/ou Coulées de Boue",21-09-1992,15-10-1992,INTE9200458A,,109
,"Avalanche, Glissement de Terrain, Inondations et/ou Coulées de Boue, Sécheresse",21-08-1992,23-08-1992,INTE9200405A,,107
,"Inondations et/ou Coulées de Boue, Sécheresse",31-07-1992,18-08-1992,INTX9210277A,,104
,"Inondations et/ou Coulées de Boue, Mouvement de Terrain, Sécheresse",29-07-1992,15-08-1992,INTX9210273A,,106
,"Inondations et/ou Coulées de Boue, Poids de la Neige",15-07-1992,24-09-1992,INTE9200448A,,110
,"Divers, Inondations et/ou Coulées de Boue",08-07-1992,09-07-1992,INTX9210229A,,105
,"Inondations et/ou Coulées de Boue, Sécheresse",01-04-1992,03-04-1992,INTE9200181A,,102
,"Inondations et/ou Coulées de Boue, Sécheresse",11-03-1992,29-03-1992,INTX9210072A,,103
,"Inondations et/ou Coulées de Boue, Sécheresse",14-01-1992,05-02-1992,INTX9210012A,,101
,"Avalanche, Glissement de Terrain, Mouvement de Terrain, Sécheresse",04-12-1991,27-12-1991,INTX9110334A,,100
,"Inondations et/ou Coulées de Boue, Mouvement de Terrain, Sécheresse, Secousse Sismique",12-08-1991,30-08-1991,INTE9100354A,,98
,Inondations et/ou Coulées de Boue,12-08-1991,14-09-1991,INTE9100355A,,99
,"Avalanche, Glissement de Terrain, Inondations et/ou Coulées de Boue, Mouvement de Terrain, Sécheresse",10-06-1991,19-07-1991,INTE9100268A,,93
,"Glissement de Terrain, Inondations et/ou Coulées de Boue, Sécheresse",14-05-1991,12-06-1991,INTE9100235A,,97
,"Glissement de Terrain, Inondations et/ou Coulées de Boue, Mouvement de Terrain, Sécheresse",28-03-1991,17-04-1991,INTE9100177A,,96
,Inondations et/ou Coulées de Boue,28-03-1991,17-04-1991,INTE9100178A,,371
,Inondations et/ou Coulées de Boue,07-02-1991,17-02-1991,INTE9100093A,,94
,Inondations et/ou Coulées de Boue,25-01-1991,07-02-1991,INTE9100039A,,95
,Inondations et/ou Coulées de Boue,07-12-1990,19-12-1990,MDIE900018A,,89
,"Avalanche, Chocs Mécaniques liés à l'action des Vagues, Inondations et/ou Coulées de Boue, Mouvement de Terrain, Sécheresse",04-12-1990,15-12-1990,MDIE900017A,,91
,"Glissement de Terrain, Inondations et/ou Coulées de Boue",12-10-1990,16-10-1990,INTE9000386A,,90
,"Inondations et/ou Coulées de Boue, Sécheresse",31-08-1990,16-09-1990,INTE9000354A,,88
,"Chocs Mécaniques liés à l'action des Vagues, Glissement de Terrain, Inondations et/ou Coulées de Boue, Sécheresse",24-07-1990,15-08-1990,INTE9000289A,,87
,"Avalanche, Chocs Mécaniques liés à l'action des Vagues, Glissement de Terrain, Inondations et/ou Coulées de Boue, Mouvement de Terrain, Raz de Marée, Sécheresse",14-05-1990,24-05-1990,INTE9000196A,,86
,"Chocs Mécaniques liés à l'action des Vagues, Inondations et/ou Coulées de Boue",03-04-1990,12-04-1990,ECOZ900007A,,85
,"Chocs Mécaniques liés à l'action des Vagues, Glissement de Terrain, Inondations et/ou Coulées de Boue, Sécheresse",16-03-1990,23-03-1990,INTE9000113A,,84
,"Inondations et/ou Coulées de Boue, Sécheresse",09-03-1990,22-03-1990,INTE9000100A,,83
,"Glissement de Terrain, Inondations et/ou Coulées de Boue, Sécheresse",14-02-1990,28-02-1990,INTE9000072A,,82
,"Chocs Mécaniques liés à l'action des Vagues, Glissement de Terrain, Inondations et/ou Coulées de Boue",08-01-1990,07-02-1990,INTE9000003A,,80
,"Glissement de Terrain, Inondations et/ou Coulées de Boue",05-12-1989,13-12-1989,INTE8900559A,,40
,Tempête,05-12-1989,13-12-1989,INTE8900560A,,368
,Inondations et/ou Coulées de Boue,05-12-1989,13-12-1989,INTE8900561A,,369
,"Inondations et/ou Coulées de Boue, Mouvement de Terrain",05-12-1989,13-12-1989,INTE8900562A,,370
,Inondations et/ou Coulées de Boue,15-09-1989,16-09-1989,INTE8900419A,,79
,Tempête,15-09-1989,16-09-1989,INTX8910404A,,367
,"Inondations et/ou Coulées de Boue, Mouvement de Terrain",18-08-1989,06-09-1989,INTE8900389A,,78
,"Glissement de Terrain, Inondations et/ou Coulées de Boue",12-07-1989,25-07-1989,INTE8900314A,,77
,"Inondations et/ou Coulées de Boue, Secousse Sismique",13-06-1989,21-06-1989,INTE8900295A,,76
,Inondations et/ou Coulées de Boue,20-04-1989,13-05-1989,INTE8900202A,,69
,"Inondations et/ou Coulées de Boue, Mouvement de Terrain",22-02-1989,03-03-1989,ECOZ890006A,,70
,"Glissement de Terrain, Inondations et/ou Coulées de Boue, Inondations Remontée Nappe, Mouvement de Terrain",05-01-1989,14-01-1989,ECOA880100A,,74
,"Glissement de Terrain, Inondations et/ou Coulées de Boue",08-12-1988,15-12-1988,ECOA8800091A,,73
,"Inondations et/ou Coulées de Boue, Mouvement de Terrain",07-12-1988,18-12-1988,INTE8800481A,,71
,"Glissement de Terrain, Inondations et/ou Coulées de Boue",19-10-1988,03-11-1988,ECOA8800084A,,67
,"Inondations et/ou Coulées de Boue, Inondations Remontée Nappe",07-10-1988,23-10-1988,ECOA8800079A,,66
,"Glissement de Terrain, Inondations et/ou Coulées de Boue",07-10-1988,08-10-1988,INTX8810867A,,72
,"Glissement de Terrain, Inondations et/ou Coulées de Boue, Inondations Remontée Nappe, Mouvement de Terrain, Secousse Sismique",24-08-1988,14-09-1988,ECOA8800058A,,68
,"Avalanche, Glissement de Terrain, Inondations et/ou Coulées de Boue, Inondations Remontée Nappe, Mouvement de Terrain",02-08-1988,13-08-1988,INTE8800166A,,51
,"Glissement de Terrain, Inondations et/ou Coulées de Boue, Mouvement de Terrain",22-06-1988,30-06-1988,INTE8800140A,,64
,"Glissement de Terrain, Inondations et/ou Coulées de Boue, Inondations Remontée Nappe",10-06-1988,19-06-1988,ECOZ8800025A,,65
,"Glissement de Terrain, Inondations et/ou Coulées de Boue, Mouvement de Terrain",07-04-1988,21-04-1988,INTE8800136A,,63
,"Inondations et/ou Coulées de Boue, Mouvement de Terrain",16-02-1988,23-02-1988,INTE8800076A,,62
,Inondations et/ou Coulées de Boue,25-01-1988,20-02-1988,INTE8800057A,,61
,"Glissement de Terrain, Inondations et/ou Coulées de Boue, Mouvement de Terrain",02-12-1987,16-01-1988,INTE8800010A,,49
,Inondations et/ou Coulées de Boue,03-11-1987,11-11-1987,INTE8700362A,,60
,Tempête,22-10-1987,24-10-1987,INTX8710333A,,59
,"Glissement de Terrain, Inondations et/ou Coulées de Boue, Mouvement de Terrain",15-10-1987,30-10-1987,BUDD8750074A,,55
,"Avalanche, Glissement de Terrain, Inondations et/ou Coulées de Boue, Mouvement de Terrain",27-09-1987,09-10-1987,BUDD8750068A,,50
,Inondations et/ou Coulées de Boue,31-07-1987,15-08-1987,BUDD8750065A,,58
,"Avalanche, Glissement de Terrain, Inondations et/ou Coulées de Boue, Mouvement de Terrain",27-07-1987,18-08-1987,BUDD8750048A,,46
,"Glissement de Terrain, Inondations et/ou Coulées de Boue, Mouvement de Terrain",24-06-1987,10-07-1987,BUDD8750038A,,56
,Glissement de Terrain,20-05-1987,24-05-1987,BUDD8750027A,,57
,"Avalanche, Glissement de Terrain, Inondations et/ou Coulées de Boue",16-04-1987,02-05-1987,,,52
,"Glissement de Terrain, Inondations et/ou Coulées de Boue",09-03-1987,21-03-1987,,,42
,Inondations et/ou Coulées de Boue,27-01-1987,14-02-1987,,,54
,"Glissement de Terrain, Inondations et/ou Coulées de Boue",11-12-1986,09-01-1987,,,45
,Tempête,04-12-1986,14-01-1987,,,53
,Inondations et/ou Coulées de Boue,17-10-1986,20-11-1986,,,44
,"Avalanche, Inondations et/ou Coulées de Boue",25-08-1986,06-09-1986,,,43
,"Glissement de Terrain, Inondations et/ou Coulées de Boue",30-07-1986,20-08-1986,,,41
,"Avalanche, Inondations et/ou Coulées de Boue",18-07-1986,03-08-1986,,,47
,"Glissement de Terrain, Mouvement de Terrain, Raz de Marée, Secousse Sismique",24-04-1986,10-05-1986,,,39
,"Glissement de Terrain, Inondations et/ou Coulées de Boue",22-01-1986,06-02-1986,,,25
,"Avalanche, Glissement de Terrain, Inondations et/ou Coulées de Boue",06-11-1985,28-11-1985,,,26
,"Avalanche, Glissement de Terrain, Inondations et/ou Coulées de Boue, Mouvement de Terrain",02-10-1985,18-10-1985,,,8
,"Glissement de Terrain, Inondations et/ou Coulées de Boue, Mouvement de Terrain",15-07-1985,27-07-1985,,,7
,"Inondations et/ou Coulées de Boue, Mouvement de Terrain",26-06-1985,10-07-1985,,,17
,"Glissement de Terrain, Inondations et/ou Coulées de Boue, Mouvement de Terrain",14-03-1985,29-03-1985,,,13
,"Glissement de Terrain, Inondations et/ou Coulées de Boue, Mouvement de Terrain, Secousse Sismique",11-01-1985,26-01-1985,,,14
,"Avalanche, Inondations et/ou Coulées de Boue, Mouvement de Terrain",05-12-1984,20-12-1984,,,27
,Poids de la Neige,21-11-1984,25-11-1984,,,36
,"Glissement de Terrain, Inondations et/ou Coulées de Boue, Mouvement de Terrain",16-10-1984,24-10-1984,,,12
,"Avalanche, Glissement de Terrain, Inondations et/ou Coulées de Boue, Secousse Sismique",21-09-1984,18-10-1984,,,6
,"Avalanche, Inondations et/ou Coulées de Boue, Mouvement de Terrain, Secousse Sismique",16-07-1984,10-08-1984,,,11
,"Avalanche, Inondations et/ou Coulées de Boue, Mouvement de Terrain, Secousse Sismique",11-05-1984,24-05-1984,,,24
,"Inondations et/ou Coulées de Boue, Mouvement de Terrain",15-02-1984,26-02-1984,,,20
,"Inondations et/ou Coulées de Boue, Mouvement de Terrain",29-12-1983,08-01-1984,,,5
,"Grêle, Inondations et/ou Coulées de Boue, Tempête",25-11-1983,01-12-1983,,,29
,"Inondations et/ou Coulées de Boue, Mouvement de Terrain",15-11-1983,18-11-1983,,,16
,Inondations et/ou Coulées de Boue,05-10-1983,08-10-1983,,,10
,"Glissement de Terrain, Inondations et/ou Coulées de Boue, Mouvement de Terrain",19-09-1983,22-09-1983,,,32
,"Grêle, Inondations et/ou Coulées de Boue, Tempête",10-09-1983,11-09-1983,,,34
,"Inondations et/ou Coulées de Boue, Mouvement de Terrain",06-09-1983,11-09-1983,,,293
,Inondations et/ou Coulées de Boue,31-08-1983,01-09-1983,,,292
,"Inondations et/ou Coulées de Boue, Mouvement de Terrain",03-08-1983,05-08-1983,,,9
,"Glissement de Terrain, Inondations et/ou Coulées de Boue, Mouvement de Terrain, Secousse Sismique",20-07-1983,26-07-1983,,,22
,"Glissement de Terrain, Inondations et/ou Coulées de Boue, Mouvement de Terrain",21-06-1983,24-06-1983,,,4
,Poids de la Neige,09-06-1983,12-06-1983,,,31
,Inondations et/ou Coulées de Boue,16-05-1983,18-05-1983,,,3
,"Eboulement et/ou Chute de Blocs, Glissement de Terrain, Inondations et/ou Coulées de Boue, Mouvement de Terrain, Tempête",13-05-1983,18-05-1983,,,291
,Poids de la Neige,11-04-1983,15-04-1983,,,33
,Grêle,10-03-1983,17-03-1983,,,23
,"Glissement de Terrain, Inondations et/ou Coulées de Boue",04-02-1983,06-02-1983,,,18
,"Inondations et/ou Coulées de Boue, Poids de la Neige",24-01-1983,29-01-1983,,,28
,Inondations et/ou Coulées de Boue,11-01-1983,13-01-1983,,,2
,Inondations et/ou Coulées de Boue,24-12-1982,26-12-1982,,,35
,"Poids de la Neige, Tempête",15-12-1982,22-12-1982,,,30
,Inondations et/ou Coulées de Boue,14-12-1982,18-12-1982,,,19
,"Inondations et/ou Coulées de Boue, Tempête",30-11-1982,02-12-1982,,,1
,"Inondations et/ou Coulées de Boue, Tempête",18-11-1982,19-11-1982,,,15
,Inondations et/ou Coulées de Boue,21-09-1982,30-09-1982,,,48
